Entity,Order,CustomerType,Segment,AssetValuationCurve,AssetState,RatingOrScoring,ScorecardIDName,ScorecardIDVersion,Frontend,RatingScoringClass,DFS Rating,Tier,Value
THA-FS,1,DEALER,,,,,,,Y,,"1, 1.0",,0.0047
THA-FS,2,DEALER,,,,,,,Y,,1.1,,0.00482
THA-FS,3,DEALER,,,,,,,Y,,1.2,,0.00494
THA-FS,4,DEALER,,,,,,,Y,,1.3,,0.00506
THA-FS,5,DEALER,,,,,,,Y,,1.4,,0.00518
THA-FS,6,DEALER,,,,,,,Y,,1.5,,0.0053
THA-FS,7,DEALER,,,,,,,Y,,1.6,,0.00542
THA-FS,8,DEALER,,,,,,,Y,,1.7,,0.00554
THA-FS,9,DEALER,,,,,,,Y,,1.8,,0.00566
THA-FS,10,DEALER,,,,,,,Y,,1.9,,0.00578
THA-FS,11,DEALER,,,,,,,Y,,"2, 2.0",,0.0059
THA-FS,12,DEALER,,,,,,,Y,,2.1,,0.00609
THA-FS,13,DEALER,,,,,,,Y,,2.2,,0.00628
THA-FS,14,DEALER,,,,,,,Y,,2.3,,0.00647
THA-FS,15,DEALER,,,,,,,Y,,2.4,,0.00666
THA-FS
,16,DEALER,,,,,,,Y,,2.5,,0.00685
THA-FS,17,DEALER,,,,,,,Y,,2.6,,0.00704
THA-FS,18,DEALER,,,,,,,Y,,2.7,,0.00723
THA-FS,19,DEALER,,,,,,,Y,,2.8,,0.00742
THA-FS,20,DEALER,,,,,,,Y,,2.9,,0.00761
THA-FS,21,DEALER,,,,,,,Y,,"3, 3.0",,0.0078
THA-FS,22,DEALER,,,,,,,Y,,3.1,,0.00802
THA-FS,23,DEALER,,,,,,,Y,,3.2,,0.00824
THA-FS,24,DEALER,,,,,,,Y,,3.3,,0.00846
THA-FS,25,DEALER,,,,,,,Y,,3.4,,0.00868
THA-FS,26,DEALER,,,,,,,Y,,3.5,,0.0089
THA-FS,27,DEALER,,,,,,,Y,,3.6,,0.00912
THA-FS,28,DEALER,,,,,,,Y,,3.7,,0.00934
THA-FS,29,DEALER,,,,,,,Y,,3.8,,0.00956
THA-FS,30,DEALER,,,,,,,Y,,3.9,,0.00978
THA-FS,31,DEALER,,,,,,,Y,,"4, 4.0",,0.01
THA-FS,32,DEALER,,,,,,,Y,,4.1,,0.0103
THA-FS,33,DEALER,,,,,,,Y,,4.2,,0.0106
THA-FS,34,DEALER,,,,,,,Y,,4.3,,0.0109
THA-FS,35,DEALER,,,,,,,Y,,4.4,,0.0112
THA-FS,36,DEALER,,,,,,,Y,,4.5,,0.0115
THA-FS,37,DEALER,,,,,,,Y,,4.6,,0.0118
THA-FS,38,DEALER,,,,,,,Y,,4.7,,0.0121
THA-FS,39,DEALER,,,,,,,Y,,4.8,,0.0124
THA-FS,40,DEALER,,,,,,,Y,,4.9,,0.0127
THA-FS,41,DEALER,,,,,,,Y,,"5, 5.0",,0.013
THA-FS,42,DEALER,,,,,,,Y,,5.1,,0.01336
THA-FS,43,DEALER,,,,,,,Y,,5.2,,0.01372
THA-FS,44,DEALER,,,,,,,Y,,5.3,,0.01408
THA-FS,45,DEALER,,,,,,,Y,,5.4,,0.01444
THA-FS,46,DEALER,,,,,,,Y,,5.5,,0.0148
THA-FS,47,DEALER,,,,,,,Y,,5.6,,0.01516
THA-FS,48,DEALER,,,,,,,Y,,5.7,,0.01552
THA-FS,49,DEALER,,,,,,,Y,,5.8,,0.01588
THA-FS,50,DEALER,,,,,,,Y,,5.9,,0.01624
THA-FS,51,DEALER,,,,,,,Y,,"6, 6.0",,0.0166
THA-FS,52,DEALER,,,,,,,Y,,6.1,,0.01709
THA-FS,53,DEALER,,,,,,,Y,,6.2,,0.01758
THA-FS,54,DEALER,,,,,,,Y,,6.3,,0.01807
THA-FS,55,DEALER,,,,,,,Y,,6.4,,0.01856
THA-FS,56,DEALER,,,,,,,Y,,6.5,,0.01905
THA-FS,57,DEALER,,,,,,,Y,,6.6,,0.01954
THA-FS,58,DEALER,,,,,,,Y,,6.7,,0.02003
THA-FS,59,DEALER,,,,,,,Y,,6.8,,0.02052
THA-FS,60,DEALER,,,,,,,Y,,6.9,,0.02101
THA-FS,61,DEALER,,,,,,,Y,,"7, 7.0",,0.0215
THA-FS,62,DEALER,,,,,,,Y,,7.1,,0.02212
THA-FS,63,DEALER,,,,,,,Y,,7.2,,0.02274
THA-FS,64,DEALER,,,,,,,Y,,7.3,,0.02336
THA-FS,65,DEALER,,,,,,,Y,,7.4,,0.02398
THA-FS,66,DEALER,,,,,,,Y,,7.5,,0.0246
THA-FS,67,DEALER,,,,,,,Y,,7.6,,0.02522
THA-FS,68,DEALER,,,,,,,Y,,7.7,,0.02584
THA-FS,69,DEALER,,,,,,,Y,,7.8,,0.02646
THA-FS,70,DEALER,,,,,,,Y,,7.9,,0.02708
THA-FS,71,DEALER,,,,,,,Y,,"8, 8.0",,0.0277
THA-FS,72,DEALER,,,,,,,Y,,8.1,,0.02914
THA-FS,73,DEALER,,,,,,,Y,,8.2,,0.03058
THA-FS,74,DEALER,,,,,,,Y,,8.3,,0.03202
THA-FS,75,DEALER,,,,,,,Y,,8.4,,0.03346
THA-FS,76,DEALER,,,,,,,Y,,8.5,,0.0349
THA-FS,77,DEALER,,,,,,,Y,,8.6,,0.03634
THA-FS,78,DEALER,,,,,,,Y,,8.7,,0.03778
THA-FS,79,DEALER,,,,,,,Y,,8.8,,0.03922
THA-FS,80,DEALER,,,,,,,Y,,8.9,,0.04066
THA-FS,81,DEALER,,,,,,,Y,,"9, 9.0",,0.0421
THA-FS,82,DEALER,,,,,,,Y,,9.1,,0.04807
THA-FS,83,DEALER,,,,,,,Y,,9.2,,0.05404
THA-FS,84,DEALER,,,,,,,Y,,9.3,,0.06001
THA-FS,85,DEALER,,,,,,,Y,,9.4,,0.06598
THA-FS,86,DEALER,,,,,,,Y,,9.5,,0.07195
THA-FS,87,DEALER,,,,,,,Y,,9.6,,0.07792
THA-FS,88,DEALER,,,,,,,Y,,9.7,,0.08389
THA-FS,89,DEALER,,,,,,,Y,,9.8,,0.08986
THA-FS,90,DEALER,,,,,,,Y,,9.9,,0.09583
THA-FS,91,DEALER,,,,,,,Y,,"10, 10.0",,0.1018
THA-FS,92,DEALER,,,,,,,Y,,"11, 11.0",,0.25
THA-FS,93,FLEET,,,,,,,N,,,,0.0296625510638738
THA-FS,94,FLEET,,,,,,,Y,,"1, 1.0",,0.0013694098080835
THA-FS,95,FLEET,,,,,,,Y,,1.1,,0.0016169086666372
THA-FS,96,FLEET,,,,,,,Y,,1.2,,0.001864407525191
THA-FS,97,FLEET,,,,,,,Y,,1.3,,0.0021119063837447
THA-FS,98,FLEET,,,,,,,Y,,1.4,,0.0023594052422984
THA-FS,99,FLEET,,,,,,,Y,,1.5,,0.0026069041008522
THA-FS,100,FLEET,,,,,,,Y,,1.6,,0.0028544029594059
THA-FS,101,FLEET,,,,,,,Y,,1.7,,0.0031019018179596
THA-FS,102,FLEET,,,,,,,Y,,1.8,,0.0033494006765134
THA-FS,103,FLEET,,,,,,,Y,,1.9,,0.0035968995350671
THA-FS,104,FLEET,,,,,,,Y,,"2, 2.0",,0.0038443983936208
THA-FS,105,FLEET,,,,,,,Y,,2.1,,0.0041444731628059
THA-FS,106,FLEET,,,,,,,Y,,2.2,,0.004444547931991
THA-FS,107,FLEET,,,,,,,Y,,2.3,,0.0047446227011761
THA-FS,108,FLEET,,,,,,,Y,,2.4,,0.0050446974703612
THA-FS,109,FLEET,,,,,,,Y,,2.5,,0.0053447722395462
THA-FS,110,FLEET,,,,,,,Y,,2.6,,0.0056448470087313
THA-FS,111,FLEET,,,,,,,Y,,2.7,,0.0059449217779164
THA-FS,112,FLEET,,,,,,,Y,,2.8,,0.0062449965471015
THA-FS,113,FLEET,,,,,,,Y,,2.9,,0.0065450713162866
THA-FS,114,FLEET,,,,,,,Y,,"3, 3.0",,0.0068451460854717
THA-FS,115,FLEET,,,,,,,Y,,3.1,,0.0073924154307615
THA-FS,116,FLEET,,,,,,,Y,,3.2,,0.0079396847760513
THA-FS,117,FLEET,,,,,,,Y,,3.3,,0.0084869541213411
THA-FS,118,FLEET,,,,,,,Y,,3.4,,0.0090342234666309
THA-FS,119,FLEET,,,,,,,Y,,3.5,,0.0095814928119208
THA-FS,120,FLEET,,,,,,,Y,,3.6,,0.0101287621572106
THA-FS,121,FLEET,,,,,,,Y,,3.7,,0.0106760315025004
THA-FS,122,FLEET,,,,,,,Y,,3.8,,0.0112233008477902
THA-FS,123,FLEET,,,,,,,Y,,3.9,,0.01177057019308
THA-FS,124,FLEET,,,,,,,Y,,"4, 4.0",,0.0123178395383699
THA-FS,125,FLEET,,,,,,,Y,,4.1,,0.0133168736254702
THA-FS,126,FLEET,,,,,,,Y,,4.2,,0.0143159077125705
THA-FS,127,FLEET,,,,,,,Y,,4.3,,0.0153149417996708
THA-FS,128,FLEET,,,,,,,Y,,4.4,,0.0163139758867712
THA-FS,129,FLEET,,,,,,,Y,,4.5,,0.0173130099738715
THA-FS,130,FLEET,,,,,,,Y,,4.6,,0.0183120440609718
THA-FS,131,FLEET,,,,,,,Y,,4.7,,0.0193110781480721
THA-FS,132,FLEET,,,,,,,Y,,4.8,,0.0203101122351725
THA-FS,133,FLEET,,,,,,,Y,,4.9,,0.0213091463222728
THA-FS,134,FLEET,,,,,,,Y,,"5, 5.0",,0.0223081804093731
THA-FS,135,FLEET,,,,,,,Y,,5.1,,0.0241248726025351
THA-FS,136,FLEET,,,,,,,Y,,5.2,,0.025941564795697
THA-FS,137,FLEET,,,,,,,Y,,5.3,,0.0277582569888589
THA-FS,138,FLEET,,,,,,,Y,,5.4,,0.0295749491820208
THA-FS,139,FLEET,,,,,,,Y,,5.5,,0.0313916413751827
THA-FS,140,FLEET,,,,,,,Y,,5.6,,0.0332083335683447
THA-FS,141,FLEET,,,,,,,Y,,5.7,,0.0350250257615066
THA-FS,142,FLEET,,,,,,,Y,,5.8,,0.0368417179546685
THA-FS,143,FLEET,,,,,,,Y,,5.9,,0.0386584101478305
THA-FS,144,FLEET,,,,,,,Y,,"6, 6.0",,0.0404751023409924
THA-FS,145,FLEET,,,,,,,Y,,6.1,,0.0437691257882812
THA-FS,146,FLEET,,,,,,,Y,,6.2,,0.0470631492355701
THA-FS,147,FLEET,,,,,,,Y,,6.3,,0.050357172682859
THA-FS,148,FLEET,,,,,,,Y,,6.4,,0.0536511961301478
THA-FS,149,FLEET,,,,,,,Y,,6.5,,0.0569452195774367
THA-FS,150,FLEET,,,,,,,Y,,6.6,,0.0602392430247256
THA-FS,151,FLEET,,,,,,,Y,,6.7,,0.06353326647201
THA-FS,152,FLEET,,,,,,,Y,,6.8,,0.0668272899193
THA-FS,153,FLEET,,,,,,,Y,,6.9,,0.07012131336659
THA-FS,154,FLEET,,,,,,,Y,,"7, 7.0",,0.07341533681388
THA-FS,155,FLEET,,,,,,,Y,,7.1,,0.07938856348235
THA-FS,156,FLEET,,,,,,,Y,,7.2,,0.08536179015082
THA-FS,157,FLEET,,,,,,,Y,,7.3,,0.0913350168193
THA-FS,158,FLEET,,,,,,,Y,,7.4,,0.09730824348777
THA-FS,159,FLEET,,,,,,,Y,,7.5,,0.10328147015625
THA-FS,160,FLEET,,,,,,,Y,,7.6,,0.10925469682472
THA-FS,161,FLEET,,,,,,,Y,,7.7,,0.11522792349319
THA-FS,162,FLEET,,,,,,,Y,,7.8,,0.12120115016167
THA-FS,163,FLEET,,,,,,,Y,,7.9,,0.12717437683014
THA-FS,164,FLEET,,,,,,,Y,,"8, 8.0",,0.13314760349862
THA-FS,165,FLEET,,,,,,,Y,,8.1,,0.14393782228736
THA-FS,166,FLEET,,,,,,,Y,,8.2,,0.15472804107611
THA-FS,167,FLEET,,,,,,,Y,,8.3,,0.16551825986486
THA-FS,168,FLEET,,,,,,,Y,,8.4,,0.1763084786536
THA-FS,169,FLEET,,,,,,,Y,,8.5,,0.18709869744235
THA-FS,170,FLEET,,,,,,,Y,,8.6,,0.1978889162311
THA-FS,171,FLEET,,,,,,,Y,,8.7,,0.20867913501984
THA-FS,172,FLEET,,,,,,,Y,,8.8,,0.21946935380859
THA-FS,173,FLEET,,,,,,,Y,,8.9,,0.23025957259734
THA-FS,174,FLEET,,,,,,,Y,,"9, 9.0",,0.24104979138609
THA-FS,175,FLEET,,,,,,,Y,,9.1,,0.28307602231806
THA-FS,176,FLEET,,,,,,,Y,,9.2,,0.32510225325003
THA-FS,177,FLEET,,,,,,,Y,,9.3,,0.36712848418201
THA-FS,178,FLEET,,,,,,,Y,,9.4,,0.40915471511398
THA-FS,179,FLEET,,,,,,,Y,,9.5,,0.45118094604596
THA-FS,180,FLEET,,,,,,,Y,,9.6,,0.49320717697793
THA-FS,181,FLEET,,,,,,,Y,,9.7,,0.53523340790991
THA-FS,182,FLEET,,,,,,,Y,,9.8,,0.57725963884188
THA-FS,183,FLEET,,,,,,,Y,,9.9,,0.61928586977386
THA-FS,184,FLEET,,,,,,,Y,,"10, 10.0",,0.66131210070583
THA-FS,185,RETAIL PRIVATE,,,,,,,N,,,,0.0105475964048648
THA-FS,186,RETAIL SMALL BUSINESS,,,,,,,N,,,,0.0134146616971388
THA-FS,187,"RETAIL SMALL BUSINESS,RETAIL PRIVATE",,,,,,,Y,,"1, 1.0",,0.0019517031242827
THA-FS,188,"RETAIL SMALL BUSINESS,RETAIL PRIVATE",,,,,,,Y,,1.1,,0.0020818488958237
THA-FS,189,"RETAIL SMALL BUSINESS,RETAIL PRIVATE",,,,,,,Y,,1.2,,0.0022119946673646
THA-FS,190,"RETAIL SMALL BUSINESS,RETAIL PRIVATE",,,,,,,Y,,1.3,,0.0023421404389055
THA-FS,191,"RETAIL SMALL BUSINESS,RETAIL PRIVATE",,,,,,,Y,,1.4,,0.0024722862104465
THA-FS,192,"RETAIL SMALL BUSINESS,RETAIL PRIVATE",,,,,,,Y,,1.5,,0.0026024319819874
THA-FS,193,"RETAIL SMALL BUSINESS,RETAIL PRIVATE",,,,,,,Y,,1.6,,0.0027325777535283
THA-FS,194,"RETAIL SMALL BUSINESS,RETAIL PRIVATE",,,,,,,Y,,1.7,,0.0028627235250693
THA-FS,195,"RETAIL SMALL BUSINESS,RETAIL PRIVATE",,,,,,,Y,,1.8,,0.0029928692966102
THA-FS,196,"RETAIL SMALL BUSINESS,RETAIL PRIVATE",,,,,,,Y,,1.9,,0.0031230150681511
THA-FS,197,"RETAIL SMALL BUSINESS,RETAIL PRIVATE",,,,,,,Y,,"2, 2.0",,0.0032531608396921
THA-FS,198,"RETAIL SMALL BUSINESS,RETAIL PRIVATE",,,,,,,Y,,2.1,,0.0035228305683348
THA-FS,199,"RETAIL SMALL BUSINESS,RETAIL PRIVATE",,,,,,,Y,,2.2,,0.0037925002969775
THA-FS,200,"RETAIL SMALL BUSINESS,RETAIL PRIVATE",,,,,,,Y,,2.3,,0.0040621700256203
THA-FS,201,"RETAIL SMALL BUSINESS,RETAIL PRIVATE",,,,,,,Y,,2.4,,0.004331839754263
THA-FS,202,"RETAIL SMALL BUSINESS,RETAIL PRIVATE",,,,,,,Y,,2.5,,0.0046015094829058
THA-FS,203,"RETAIL SMALL BUSINESS,RETAIL PRIVATE",,,,,,,Y,,2.6,,0.0048711792115485
THA-FS,204,"RETAIL SMALL BUSINESS,RETAIL PRIVATE",,,,,,,Y,,2.7,,0.0051408489401912
THA-FS,205,"RETAIL SMALL BUSINESS,RETAIL PRIVATE",,,,,,,Y,,2.8,,0.005410518668834
THA-FS,206,"RETAIL SMALL BUSINESS,RETAIL PRIVATE",,,,,,,Y,,2.9,,0.0056801883974767
THA-FS,207,"RETAIL SMALL BUSINESS,RETAIL PRIVATE",,,,,,,Y,,"3, 3.0",,0.0059498581261195
THA-FS,208,"RETAIL SMALL BUSINESS,RETAIL PRIVATE",,,,,,,Y,,3.1,,0.0064150660356467
THA-FS,209,"RETAIL SMALL BUSINESS,RETAIL PRIVATE",,,,,,,Y,,3.2,,0.0068802739451739
THA-FS,210,"RETAIL SMALL BUSINESS,RETAIL PRIVATE",,,,,,,Y,,3.3,,0.0073454818547011
THA-FS,211,"RETAIL SMALL BUSINESS,RETAIL PRIVATE",,,,,,,Y,,3.4,,0.0078106897642283
THA-FS,212,"RETAIL SMALL BUSINESS,RETAIL PRIVATE",,,,,,,Y,,3.5,,0.0082758976737555
THA-FS,213,"RETAIL SMALL BUSINESS,RETAIL PRIVATE",,,,,,,Y,,3.6,,0.0087411055832827
THA-FS,214,"RETAIL SMALL BUSINESS,RETAIL PRIVATE",,,,,,,Y,,3.7,,0.00920631349281
THA-FS,215,"RETAIL SMALL BUSINESS,RETAIL PRIVATE",,,,,,,Y,,3.8,,0.0096715214023372
THA-FS,216,"RETAIL SMALL BUSINESS,RETAIL PRIVATE",,,,,,,Y,,3.9,,0.0101367293118644
THA-FS,217,"RETAIL SMALL BUSINESS,RETAIL PRIVATE",,,,,,,Y,,"4, 4.0",,0.0106019372213916
THA-FS,218,"RETAIL SMALL BUSINESS,RETAIL PRIVATE",,,,,,,Y,,4.1,,0.0113469554723934
THA-FS,219,"RETAIL SMALL BUSINESS,RETAIL PRIVATE",,,,,,,Y,,4.2,,0.0120919737233952
THA-FS,220,"RETAIL SMALL BUSINESS,RETAIL PRIVATE",,,,,,,Y,,4.3,,0.012836991974397
THA-FS,221,"RETAIL SMALL BUSINESS,RETAIL PRIVATE",,,,,,,Y,,4.4,,0.0135820102253988
THA-FS,222,"RETAIL SMALL BUSINESS,RETAIL PRIVATE",,,,,,,Y,,4.5,,0.0143270284764006
THA-FS,223,"RETAIL SMALL BUSINESS,RETAIL PRIVATE",,,,,,,Y,,4.6,,0.015072046727402401
THA-FS,224,"RETAIL SMALL BUSINESS,RETAIL PRIVATE",,,,,,,Y,,4.7,,0.0158170649784042
THA-FS,225,"RETAIL SMALL BUSINESS,RETAIL PRIVATE",,,,,,,Y,,4.8,,0.016562083229406
THA-FS,226,"RETAIL SMALL BUSINESS,RETAIL PRIVATE",,,,,,,Y,,4.9,,0.0173071014804078
THA-FS,227,"RETAIL SMALL BUSINESS,RETAIL PRIVATE",,,,,,,Y,,"5, 5.0",,0.0180521197314096
THA-FS,228,"RETAIL SMALL BUSINESS,RETAIL PRIVATE",,,,,,,Y,,5.1,,0.0194886602393266
THA-FS,229,"RETAIL SMALL BUSINESS,RETAIL PRIVATE",,,,,,,Y,,5.2,,0.0209252007472436
THA-FS,230,"RETAIL SMALL BUSINESS,RETAIL PRIVATE",,,,,,,Y,,5.3,,0.0223617412551606
THA-FS,231,"RETAIL SMALL BUSINESS,RETAIL PRIVATE",,,,,,,Y,,5.4,,0.0237982817630776
THA-FS,232,"RETAIL SMALL BUSINESS,RETAIL PRIVATE",,,,,,,Y,,5.5,,0.0252348222709946
THA-FS,233,"RETAIL SMALL BUSINESS,RETAIL PRIVATE",,,,,,,Y,,5.6,,0.0266713627789116
THA-FS,234,"RETAIL SMALL BUSINESS,RETAIL PRIVATE",,,,,,,Y,,5.7,,0.0281079032868286
THA-FS,235,"RETAIL SMALL BUSINESS,RETAIL PRIVATE",,,,,,,Y,,5.8,,0.0295444437947456
THA-FS,236,"RETAIL SMALL BUSINESS,RETAIL PRIVATE",,,,,,,Y,,5.9,,0.0309809843026626
THA-FS,237,"RETAIL SMALL BUSINESS,RETAIL PRIVATE",,,,,,,Y,,"6, 6.0",,0.0324175248105796
THA-FS,238,"RETAIL SMALL BUSINESS,RETAIL PRIVATE",,,,,,,Y,,6.1,,0.0297149553216839
THA-FS,239,"RETAIL SMALL BUSINESS,RETAIL PRIVATE",,,,,,,Y,,6.2,,0.0270123858327882
THA-FS,240,"RETAIL SMALL BUSINESS,RETAIL PRIVATE",,,,,,,Y,,6.3,,0.0243098163438926
THA-FS,241,"RETAIL SMALL BUSINESS,RETAIL PRIVATE",,,,,,,Y,,6.4,,0.0216072468549969
THA-FS,242,"RETAIL SMALL BUSINESS,RETAIL PRIVATE",,,,,,,Y,,6.5,,0.0189046773661012
THA-FS,243,"RETAIL SMALL BUSINESS,RETAIL PRIVATE",,,,,,,Y,,6.6,,0.0162021078772055
THA-FS,244,"RETAIL SMALL BUSINESS,RETAIL PRIVATE",,,,,,,Y,,6.7,,0.0134995383883099
THA-FS,245,"RETAIL SMALL BUSINESS,RETAIL PRIVATE",,,,,,,Y,,6.8,,0.0107969688994142
THA-FS,246,"RETAIL SMALL BUSINESS,RETAIL PRIVATE",,,,,,,Y,,6.9,,0.0080943994105185
THA-FS,247,"RETAIL SMALL BUSINESS,RETAIL PRIVATE",,,,,,,Y,,"7, 7.0",,0.0053918299216228
THA-FS,248,"RETAIL SMALL BUSINESS,RETAIL PRIVATE",,,,,,,Y,,7.1,,0.0128742613172501
THA-FS,249,"RETAIL SMALL BUSINESS,RETAIL PRIVATE",,,,,,,Y,,7.2,,0.0203566927128775
THA-FS,250,"RETAIL SMALL BUSINESS,RETAIL PRIVATE",,,,,,,Y,,7.3,,0.0278391241085048
THA-FS,251,"RETAIL SMALL BUSINESS,RETAIL PRIVATE",,,,,,,Y,,7.4,,0.0353215555041321
THA-FS,252,"RETAIL SMALL BUSINESS,RETAIL PRIVATE",,,,,,,Y,,7.5,,0.0428039868997594
THA-FS,253,"RETAIL SMALL BUSINESS,RETAIL PRIVATE",,,,,,,Y,,7.6,,0.0502864182953867
THA-FS,254,"RETAIL SMALL BUSINESS,RETAIL PRIVATE",,,,,,,Y,,7.7,,0.057768849691014
THA-FS,255,"RETAIL SMALL BUSINESS,RETAIL PRIVATE",,,,,,,Y,,7.8,,0.06525128108664
THA-FS,256,"RETAIL SMALL BUSINESS,RETAIL PRIVATE",,,,,,,Y,,7.9,,0.07273371248226
THA-FS,257,"RETAIL SMALL BUSINESS,RETAIL PRIVATE",,,,,,,Y,,"8, 8.0",,0.08021614387789
THA-FS,258,"RETAIL SMALL BUSINESS,RETAIL PRIVATE",,,,,,,Y,,8.1,,0.08021614387789
THA-FS,259,"RETAIL SMALL BUSINESS,RETAIL PRIVATE",,,,,,,Y,,8.2,,0.08021614387789
THA-FS,260,"RETAIL SMALL BUSINESS,RETAIL PRIVATE",,,,,,,Y,,8.3,,0.08021614387789
THA-FS,261,"RETAIL SMALL BUSINESS,RETAIL PRIVATE",,,,,,,Y,,8.4,,0.08021614387789
THA-FS,262,"RETAIL SMALL BUSINESS,RETAIL PRIVATE",,,,,,,Y,,8.5,,0.08021614387789
THA-FS,263,"RETAIL SMALL BUSINESS,RETAIL PRIVATE",,,,,,,Y,,8.6,,0.08021614387789
THA-FS,264,"RETAIL SMALL BUSINESS,RETAIL PRIVATE",,,,,,,Y,,8.7,,0.08021614387789
THA-FS,265,"RETAIL SMALL BUSINESS,RETAIL PRIVATE",,,,,,,Y,,8.8,,0.08021614387789
THA-FS,266,"RETAIL SMALL BUSINESS,RETAIL PRIVATE",,,,,,,Y,,8.9,,0.08021614387789
