Entity,Order,CustomerType,Financial Product Type Short Name,Segment,AssetValuationCurve,AssetState,RatingOrScoring,ScorecardIDName,ScorecardIDVersion,Frontend,RatingScoringClass,MBM Rating,Tier,PD,PD_MoC
THA-FS,1,DEALER,,,,,,,,Y,,"1, 1.0",,0.0047,0.0047
THA-FS,2,DEALER,,,,,,,,Y,,1.1,,0.00482,0.00482
THA-FS,3,DEALER,,,,,,,,Y,,1.2,,0.00494,0.00494
THA-FS,4,DEALER,,,,,,,,Y,,1.3,,0.00506,0.00506
THA-FS,5,DEALER,,,,,,,,Y,,1.4,,0.00518,0.00518
THA-FS,6,DEALER,,,,,,,,Y,,1.5,,0.0053,0.0053
THA-FS,7,DEALER,,,,,,,,Y,,1.6,,0.00542,0.00542
THA-FS,8,DEALER,,,,,,,,Y,,1.7,,0.00554,0.00554
THA-FS,9,DEALER,,,,,,,,Y,,1.8,,0.00566,0.00566
THA-FS,10,DEALER,,,,,,,,Y,,1.9,,0.00578,0.00578
THA-FS,11,DEALER,,,,,,,,Y,,"2, 2.0",,0.0059,0.0059
THA-FS,12,DEALER,,,,,,,,Y,,2.1,,0.00609,0.00609
THA-FS,13,DEALER,,,,,,,,Y,,2.2,,0.00628,0.00628
THA-FS,14,DEALER,,,,,,,,Y,,2.3,,0.00647,0.00647
THA-FS,15,DEALER,,,,,,,,Y,,2.4,,0.00666,0.00666
THA-FS
,16,DEALER,,,,,,,,Y,,2.5,,0.00685,0.00685
THA-FS,17,DEALER,,,,,,,,Y,,2.6,,0.00704,0.00704
THA-FS,18,DEALER,,,,,,,,Y,,2.7,,0.00723,0.00723
THA-FS,19,DEALER,,,,,,,,Y,,2.8,,0.00742,0.00742
THA-FS,20,DEALER,,,,,,,,Y,,2.9,,0.00761,0.00761
THA-FS,21,DEALER,,,,,,,,Y,,"3, 3.0",,0.0078,0.0078
THA-FS,22,DEALER,,,,,,,,Y,,3.1,,0.00802,0.00802
THA-FS,23,DEALER,,,,,,,,Y,,3.2,,0.00824,0.00824
THA-FS,24,DEALER,,,,,,,,Y,,3.3,,0.00846,0.00846
THA-FS,25,DEALER,,,,,,,,Y,,3.4,,0.00868,0.00868
THA-FS,26,DEALER,,,,,,,,Y,,3.5,,0.0089,0.0089
THA-FS,27,DEALER,,,,,,,,Y,,3.6,,0.00912,0.00912
THA-FS,28,DEALER,,,,,,,,Y,,3.7,,0.00934,0.00934
THA-FS,29,DEALER,,,,,,,,Y,,3.8,,0.00956,0.00956
THA-FS,30,DEALER,,,,,,,,Y,,3.9,,0.00978,0.00978
THA-FS,31,DEALER,,,,,,,,Y,,"4, 4.0",,0.01,0.01
THA-FS,32,DEALER,,,,,,,,Y,,4.1,,0.0103,0.0103
THA-FS,33,DEALER,,,,,,,,Y,,4.2,,0.0106,0.0106
THA-FS,34,DEALER,,,,,,,,Y,,4.3,,0.0109,0.0109
THA-FS,35,DEALER,,,,,,,,Y,,4.4,,0.0112,0.0112
THA-FS,36,DEALER,,,,,,,,Y,,4.5,,0.0115,0.0115
THA-FS,37,DEALER,,,,,,,,Y,,4.6,,0.0118,0.0118
THA-FS,38,DEALER,,,,,,,,Y,,4.7,,0.0121,0.0121
THA-FS,39,DEALER,,,,,,,,Y,,4.8,,0.0124,0.0124
THA-FS,40,DEALER,,,,,,,,Y,,4.9,,0.0127,0.0127
THA-FS,41,DEALER,,,,,,,,Y,,"5, 5.0",,0.013,0.013
THA-FS,42,DEALER,,,,,,,,Y,,5.1,,0.01336,0.01336
THA-FS,43,DEALER,,,,,,,,Y,,5.2,,0.01372,0.01372
THA-FS,44,DEALER,,,,,,,,Y,,5.3,,0.01408,0.01408
THA-FS,45,DEALER,,,,,,,,Y,,5.4,,0.01444,0.01444
THA-FS,46,DEALER,,,,,,,,Y,,5.5,,0.0148,0.0148
THA-FS,47,DEALER,,,,,,,,Y,,5.6,,0.01516,0.01516
THA-FS,48,DEALER,,,,,,,,Y,,5.7,,0.01552,0.01552
THA-FS,49,DEALER,,,,,,,,Y,,5.8,,0.01588,0.01588
THA-FS,50,DEALER,,,,,,,,Y,,5.9,,0.01624,0.01624
THA-FS,51,DEALER,,,,,,,,Y,,"6, 6.0",,0.0166,0.0166
THA-FS,52,DEALER,,,,,,,,Y,,6.1,,0.01709,0.01709
THA-FS,53,DEALER,,,,,,,,Y,,6.2,,0.01758,0.01758
THA-FS,54,DEALER,,,,,,,,Y,,6.3,,0.01807,0.01807
THA-FS,55,DEALER,,,,,,,,Y,,6.4,,0.01856,0.01856
THA-FS,56,DEALER,,,,,,,,Y,,6.5,,0.01905,0.01905
THA-FS,57,DEALER,,,,,,,,Y,,6.6,,0.01954,0.01954
THA-FS,58,DEALER,,,,,,,,Y,,6.7,,0.02003,0.02003
THA-FS,59,DEALER,,,,,,,,Y,,6.8,,0.02052,0.02052
THA-FS,60,DEALER,,,,,,,,Y,,6.9,,0.02101,0.02101
THA-FS,61,DEALER,,,,,,,,Y,,"7, 7.0",,0.0215,0.0215
THA-FS,62,DEALER,,,,,,,,Y,,7.1,,0.02212,0.02212
THA-FS,63,DEALER,,,,,,,,Y,,7.2,,0.02274,0.02274
THA-FS,64,DEALER,,,,,,,,Y,,7.3,,0.02336,0.02336
THA-FS,65,DEALER,,,,,,,,Y,,7.4,,0.02398,0.02398
THA-FS,66,DEALER,,,,,,,,Y,,7.5,,0.0246,0.0246
THA-FS,67,DEALER,,,,,,,,Y,,7.6,,0.02522,0.02522
THA-FS,68,DEALER,,,,,,,,Y,,7.7,,0.02584,0.02584
THA-FS,69,DEALER,,,,,,,,Y,,7.8,,0.02646,0.02646
THA-FS,70,DEALER,,,,,,,,Y,,7.9,,0.02708,0.02708
THA-FS,71,DEALER,,,,,,,,Y,,"8, 8.0",,0.0277,0.0277
THA-FS,72,DEALER,,,,,,,,Y,,8.1,,0.02914,0.02914
THA-FS,73,DEALER,,,,,,,,Y,,8.2,,0.03058,0.03058
THA-FS,74,DEALER,,,,,,,,Y,,8.3,,0.03202,0.03202
THA-FS,75,DEALER,,,,,,,,Y,,8.4,,0.03346,0.03346
THA-FS,76,DEALER,,,,,,,,Y,,8.5,,0.0349,0.0349
THA-FS,77,DEALER,,,,,,,,Y,,8.6,,0.03634,0.03634
THA-FS,78,DEALER,,,,,,,,Y,,8.7,,0.03778,0.03778
THA-FS,79,DEALER,,,,,,,,Y,,8.8,,0.03922,0.03922
THA-FS,80,DEALER,,,,,,,,Y,,8.9,,0.04066,0.04066
THA-FS,81,DEALER,,,,,,,,Y,,"9, 9.0",,0.0421,0.0421
THA-FS,82,DEALER,,,,,,,,Y,,9.1,,0.04807,0.04807
THA-FS,83,DEALER,,,,,,,,Y,,9.2,,0.05404,0.05404
THA-FS,84,DEALER,,,,,,,,Y,,9.3,,0.06001,0.06001
THA-FS,85,DEALER,,,,,,,,Y,,9.4,,0.06598,0.06598
THA-FS,86,DEALER,,,,,,,,Y,,9.5,,0.07195,0.07195
THA-FS,87,DEALER,,,,,,,,Y,,9.6,,0.07792,0.07792
THA-FS,88,DEALER,,,,,,,,Y,,9.7,,0.08389,0.08389
THA-FS,89,DEALER,,,,,,,,Y,,9.8,,0.08986,0.08986
THA-FS,90,DEALER,,,,,,,,Y,,9.9,,0.09583,0.09583
THA-FS,91,DEALER,,,,,,,,Y,,"10, 10.0",,0.1018,0.1018
THA-FS,92,DEALER,,,,,,,,Y,,"11, 11.0",,0.25,0.25
THA-FS,93,FLEET,,,,,,,,Y,,"1, 1.0",,0.0054622697226391,0.0055736791878076
THA-FS,94,FLEET,,,,,,,,Y,,1.1,,0.0056839401296765,0.0057998352060443
THA-FS,95,FLEET,,,,,,,,Y,,1.2,,0.0059056105367139,0.0060259912242809
THA-FS,96,FLEET,,,,,,,,Y,,1.3,,0.0061272809437513,0.0062521472425176
THA-FS,97,FLEET,,,,,,,,Y,,1.4,,0.0063489513507887,0.0064783032607542
THA-FS,98,FLEET,,,,,,,,Y,,1.5,,0.0065706217578261,0.0067044592789909
THA-FS,99,FLEET,,,,,,,,Y,,1.6,,0.0067922921648635,0.0069306152972275
THA-FS,100,FLEET,,,,,,,,Y,,1.7,,0.0070139625719009,0.0071567713154642
THA-FS,101,FLEET,,,,,,,,Y,,1.8,,0.0072356329789383,0.0073829273337008
THA-FS,102,FLEET,,,,,,,,Y,,1.9,,0.0074573033859757,0.0076090833519375
THA-FS,103,FLEET,,,,,,,,Y,,"2, 2.0",,0.007678973793013,0.0078352393701741
THA-FS,104,FLEET,,,,,,,,Y,,2.1,,0.0079603780813683,0.008122308397227
THA-FS,105,FLEET,,,,,,,,Y,,2.2,,0.0082417823697236,0.0084093774242798
THA-FS,106,FLEET,,,,,,,,Y,,2.3,,0.0085231866580789,0.0086964464513327
THA-FS,107,FLEET,,,,,,,,Y,,2.4,,0.0088045909464341,0.0089835154783855
THA-FS,108,FLEET,,,,,,,,Y,,2.5,,0.0090859952347894,0.0092705845054384
THA-FS,109,FLEET,,,,,,,,Y,,2.6,,0.0093673995231447,0.0095576535324912
THA-FS,110,FLEET,,,,,,,,Y,,2.7,,0.0096488038115,0.0098447225595441
THA-FS,111,FLEET,,,,,,,,Y,,2.8,,0.0099302080998553,0.0101317915865969
THA-FS,112,FLEET,,,,,,,,Y,,2.9,,0.0102116123882105,0.0104188606136498
THA-FS,113,FLEET,,,,,,,,Y,,"3, 3.0",,0.0104930166765658,0.0107059296407026
THA-FS,114,FLEET,,,,,,,,Y,,3.1,,0.0108736354599632,0.011094157668436
THA-FS,115,FLEET,,,,,,,,Y,,3.2,,0.0112542542433605,0.0114823856961694
THA-FS,116,FLEET,,,,,,,,Y,,3.3,,0.0116348730267579,0.0118706137239029
THA-FS,117,FLEET,,,,,,,,Y,,3.4,,0.0120154918101553,0.0122588417516363
THA-FS,118,FLEET,,,,,,,,Y,,3.5,,0.0123961105935527,0.0126470697793697
THA-FS,119,FLEET,,,,,,,,Y,,3.6,,0.01277672937695,0.0130352978071031
THA-FS,120,FLEET,,,,,,,,Y,,3.7,,0.0131573481603474,0.0134235258348365
THA-FS,121,FLEET,,,,,,,,Y,,3.8,,0.0135379669437448,0.01381175386257
THA-FS,122,FLEET,,,,,,,,Y,,3.9,,0.0139185857271421,0.0141999818903034
THA-FS,123,FLEET,,,,,,,,Y,,"4, 4.0",,0.0142992045105395,0.0145882099180368
THA-FS,124,FLEET,,,,,,,,Y,,4.1,,0.0148176640518091,0.0151169369056066
THA-FS,125,FLEET,,,,,,,,Y,,4.2,,0.0153361235930786,0.0156456638931765
THA-FS,126,FLEET,,,,,,,,Y,,4.3,,0.0158545831343482,0.0161743908807463
THA-FS,127,FLEET,,,,,,,,Y,,4.4,,0.0163730426756177,0.0167031178683162
THA-FS,128,FLEET,,,,,,,,Y,,4.5,,0.0168915022168873,0.017231844855886
THA-FS,129,FLEET,,,,,,,,Y,,4.6,,0.0174099617581569,0.0177605718434558
THA-FS,130,FLEET,,,,,,,,Y,,4.7,,0.0179284212994264,0.0182892988310257
THA-FS,131,FLEET,,,,,,,,Y,,4.8,,0.018446880840696,0.0188180258185955
THA-FS,132,FLEET,,,,,,,,Y,,4.9,,0.0189653403819655,0.0193467528061654
THA-FS,133,FLEET,,,,,,,,Y,,"5, 5.0",,0.0194837999232351,0.0198754797937352
THA-FS,134,FLEET,,,,,,,,Y,,5.1,,0.0201971503426083,0.0206027735336201
THA-FS,135,FLEET,,,,,,,,Y,,5.2,,0.0209105007619815,0.021330067273505
THA-FS,136,FLEET,,,,,,,,Y,,5.3,,0.0216238511813547,0.0220573610133899
THA-FS,137,FLEET,,,,,,,,Y,,5.4,,0.0223372016007279,0.0227846547532748
THA-FS,138,FLEET,,,,,,,,Y,,5.5,,0.0230505520201011,0.0235119484931598
THA-FS,139,FLEET,,,,,,,,Y,,5.6,,0.0237639024394743,0.0242392422330447
THA-FS,140,FLEET,,,,,,,,Y,,5.7,,0.0244772528588475,0.0249665359729296
THA-FS,141,FLEET,,,,,,,,Y,,5.8,,0.0251906032782207,0.0256938297128145
THA-FS,142,FLEET,,,,,,,,Y,,5.9,,0.0259039536975939,0.0264211234526994
THA-FS,143,FLEET,,,,,,,,Y,,"6, 6.0",,0.0266173041169671,0.0271484171925843
THA-FS,144,FLEET,,,,,,,,Y,,6.1,,0.0275994655790628,0.0281494282505223
THA-FS,145,FLEET,,,,,,,,Y,,6.2,,0.0285816270411585,0.0291504393084604
THA-FS,146,FLEET,,,,,,,,Y,,6.3,,0.0295637885032542,0.0301514503663984
THA-FS,147,FLEET,,,,,,,,Y,,6.4,,0.0305459499653499,0.0311524614243365
THA-FS,148,FLEET,,,,,,,,Y,,6.5,,0.0315281114274456,0.0321534724822745
THA-FS,149,FLEET,,,,,,,,Y,,6.6,,0.0325102728895412,0.0331544835402125
THA-FS,150,FLEET,,,,,,,,Y,,6.7,,0.0334924343516369,0.0341554945981506
THA-FS,151,FLEET,,,,,,,,Y,,6.8,,0.0344745958137326,0.0351565056560886
THA-FS,152,FLEET,,,,,,,,Y,,6.9,,0.0354567572758283,0.0361575167140267
THA-FS,153,FLEET,,,,,,,,Y,,"7, 7.0",,0.036438918737924,0.0371585277719647
THA-FS,154,FLEET,,,,,,,,Y,,7.1,,0.0377588526263626,0.038503159218468
THA-FS,155,FLEET,,,,,,,,Y,,7.2,,0.0390787865148012,0.0398477906649713
THA-FS,156,FLEET,,,,,,,,Y,,7.3,,0.0403987204032398,0.0411924221114745
THA-FS,157,FLEET,,,,,,,,Y,,7.4,,0.0417186542916785,0.0425370535579778
THA-FS,158,FLEET,,,,,,,,Y,,7.5,,0.0430385881801171,0.0438816850044811
THA-FS,159,FLEET,,,,,,,,Y,,7.6,,0.0443585220685557,0.0452263164509844
THA-FS,160,FLEET,,,,,,,,Y,,7.7,,0.0456784559569943,0.0465709478974877
THA-FS,161,FLEET,,,,,,,,Y,,7.8,,0.0469983898454329,0.047915579343991
THA-FS,162,FLEET,,,,,,,,Y,,7.9,,0.0483183237338715,0.0492602107904942
THA-FS,163,FLEET,,,,,,,,Y,,"8, 8.0",,0.0496382576223101,0.0506048422369975
THA-FS,164,FLEET,,,,,,,,Y,,8.1,,0.0514145857514951,0.0524132600177888
THA-FS,165,FLEET,,,,,,,,Y,,8.2,,0.0531909138806801,0.0542216777985802
THA-FS,166,FLEET,,,,,,,,Y,,8.3,,0.0549672420098652,0.0560300955793715
THA-FS,167,FLEET,,,,,,,,Y,,8.4,,0.0567435701390502,0.0578385133601629
THA-FS,168,FLEET,,,,,,,,Y,,8.5,,0.0585198982682352,0.0596469311409542
THA-FS,169,FLEET,,,,,,,,Y,,8.6,,0.0602962263974202,0.0614553489217455
THA-FS,170,FLEET,,,,,,,,Y,,8.7,,0.0620725545266052,0.06326376670253
THA-FS,171,FLEET,,,,,,,,Y,,8.8,,0.06384888265579,0.06507218448332
THA-FS,172,FLEET,,,,,,,,Y,,8.9,,0.06562521078497,0.06688060226411
THA-FS,173,FLEET,,,,,,,,Y,,"9, 9.0",,0.06740153891416,0.06868902004491
THA-FS,174,FLEET,,,,,,,,Y,,9.1,,0.06977491733176,0.07110322122413
THA-FS,175,FLEET,,,,,,,,Y,,9.2,,0.07214829574937,0.07351742240335
THA-FS,176,FLEET,,,,,,,,Y,,9.3,,0.07452167416697,0.07593162358257
THA-FS,177,FLEET,,,,,,,,Y,,9.4,,0.07689505258458,0.07834582476179
THA-FS,178,FLEET,,,,,,,,Y,,9.5,,0.07926843100219,0.08076002594101
THA-FS,179,FLEET,,,,,,,,Y,,9.6,,0.08164180941979,0.08317422712023
THA-FS,180,FLEET,,,,,,,,Y,,9.7,,0.0840151878374,0.08558842829945
THA-FS,181,FLEET,,,,,,,,Y,,9.8,,0.08638856625501,0.08800262947868
THA-FS,182,FLEET,,,,,,,,Y,,9.9,,0.08876194467261,0.0904168306579
THA-FS,183,FLEET,,,,,,,,Y,,"10, 10.0",,0.09113532309022,0.09283103183712
THA-FS,184,FLEET,,,,,,,,N,,,,0.0296625510638738,0.0302525392045343
THA-FS,185,RETAIL PRIVATE,,,,,,,,N,,,,0.0105475964048648,0.010575347131006
THA-FS,186,RETAIL SMALL BUSINESS,,,,,,,,N,,,,0.0134146616971388,0.0134359775945755
THA-FS,187,"RETAIL SMALL BUSINESS,RETAIL PRIVATE",,,,,,,,Y,,"1, 1.0",,0.0019517031242827,0.0019531533176742
THA-FS,188,"RETAIL SMALL BUSINESS,RETAIL PRIVATE",,,,,,,,Y,,1.1,,0.0020818488958237,0.0020833954772815
THA-FS,189,"RETAIL SMALL BUSINESS,RETAIL PRIVATE",,,,,,,,Y,,1.2,,0.0022119946673646,0.0022136376368888
THA-FS,190,"RETAIL SMALL BUSINESS,RETAIL PRIVATE",,,,,,,,Y,,1.3,,0.0023421404389055,0.0023438797964961
THA-FS,191,"RETAIL SMALL BUSINESS,RETAIL PRIVATE",,,,,,,,Y,,1.4,,0.0024722862104465,0.0024741219561035
THA-FS,192,"RETAIL SMALL BUSINESS,RETAIL PRIVATE",,,,,,,,Y,,1.5,,0.0026024319819874,0.0026043641157108
THA-FS,193,"RETAIL SMALL BUSINESS,RETAIL PRIVATE",,,,,,,,Y,,1.6,,0.0027325777535283,0.0027346062753181
THA-FS,194,"RETAIL SMALL BUSINESS,RETAIL PRIVATE",,,,,,,,Y,,1.7,,0.0028627235250693,0.0028648484349254
THA-FS,195,"RETAIL SMALL BUSINESS,RETAIL PRIVATE",,,,,,,,Y,,1.8,,0.0029928692966102,0.0029950905945328
THA-FS,196,"RETAIL SMALL BUSINESS,RETAIL PRIVATE",,,,,,,,Y,,1.9,,0.0031230150681511,0.0031253327541401
THA-FS,197,"RETAIL SMALL BUSINESS,RETAIL PRIVATE",,,,,,,,Y,,"2, 2.0",,0.0032531608396921,0.0032555749137474
THA-FS,198,"RETAIL SMALL BUSINESS,RETAIL PRIVATE",,,,,,,,Y,,2.1,,0.0035228305683348,0.0035254435608685
THA-FS,199,"RETAIL SMALL BUSINESS,RETAIL PRIVATE",,,,,,,,Y,,2.2,,0.0037925002969775,0.0037953122079896
THA-FS,200,"RETAIL SMALL BUSINESS,RETAIL PRIVATE",,,,,,,,Y,,2.3,,0.0040621700256203,0.0040651808551107
THA-FS,201,"RETAIL SMALL BUSINESS,RETAIL PRIVATE",,,,,,,,Y,,2.4,,0.004331839754263,0.0043350495022317
THA-FS,202,"RETAIL SMALL BUSINESS,RETAIL PRIVATE",,,,,,,,Y,,2.5,,0.0046015094829058,0.0046049181493528
THA-FS,203,"RETAIL SMALL BUSINESS,RETAIL PRIVATE",,,,,,,,Y,,2.6,,0.0048711792115485,0.0048747867964739
THA-FS,204,"RETAIL SMALL BUSINESS,RETAIL PRIVATE",,,,,,,,Y,,2.7,,0.0051408489401912,0.005144655443595
THA-FS,205,"RETAIL SMALL BUSINESS,RETAIL PRIVATE",,,,,,,,Y,,2.8,,0.005410518668834,0.0054145240907161
THA-FS,206,"RETAIL SMALL BUSINESS,RETAIL PRIVATE",,,,,,,,Y,,2.9,,0.0056801883974767,0.0056843927378371
THA-FS,207,"RETAIL SMALL BUSINESS,RETAIL PRIVATE",,,,,,,,Y,,"3, 3.0",,0.0059498581261195,0.0059542613849582
THA-FS,208,"RETAIL SMALL BUSINESS,RETAIL PRIVATE",,,,,,,,Y,,3.1,,0.0064150660356467,0.0064198099021739
THA-FS,209,"RETAIL SMALL BUSINESS,RETAIL PRIVATE",,,,,,,,Y,,3.2,,0.0068802739451739,0.0068853584193896
THA-FS,210,"RETAIL SMALL BUSINESS,RETAIL PRIVATE",,,,,,,,Y,,3.3,,0.0073454818547011,0.0073509069366053
THA-FS,211,"RETAIL SMALL BUSINESS,RETAIL PRIVATE",,,,,,,,Y,,3.4,,0.0078106897642283,0.007816455453821
THA-FS,212,"RETAIL SMALL BUSINESS,RETAIL PRIVATE",,,,,,,,Y,,3.5,,0.0082758976737555,0.0082820039710368
THA-FS,213,"RETAIL SMALL BUSINESS,RETAIL PRIVATE",,,,,,,,Y,,3.6,,0.0087411055832827,0.0087475524882525
THA-FS,214,"RETAIL SMALL BUSINESS,RETAIL PRIVATE",,,,,,,,Y,,3.7,,0.00920631349281,0.0092131010054682
THA-FS,215,"RETAIL SMALL BUSINESS,RETAIL PRIVATE",,,,,,,,Y,,3.8,,0.0096715214023372,0.0096786495226839
THA-FS,216,"RETAIL SMALL BUSINESS,RETAIL PRIVATE",,,,,,,,Y,,3.9,,0.0101367293118644,0.0101441980398996
THA-FS,217,"RETAIL SMALL BUSINESS,RETAIL PRIVATE",,,,,,,,Y,,"4, 4.0",,0.0106019372213916,0.0106097465571153
THA-FS,218,"RETAIL SMALL BUSINESS,RETAIL PRIVATE",,,,,,,,Y,,4.1,,0.0113469554723934,0.011355303564901
THA-FS,219,"RETAIL SMALL BUSINESS,RETAIL PRIVATE",,,,,,,,Y,,4.2,,0.0120919737233952,0.0121008605726868
THA-FS,220,"RETAIL SMALL BUSINESS,RETAIL PRIVATE",,,,,,,,Y,,4.3,,0.012836991974397,0.0128464175804725
THA-FS,221,"RETAIL SMALL BUSINESS,RETAIL PRIVATE",,,,,,,,Y,,4.4,,0.0135820102253988,0.0135919745882582
THA-FS,222,"RETAIL SMALL BUSINESS,RETAIL PRIVATE",,,,,,,,Y,,4.5,,0.0143270284764006,0.014337531596044
THA-FS,223,"RETAIL SMALL BUSINESS,RETAIL PRIVATE",,,,,,,,Y,,4.6,,0.015072046727402401,0.0150830886038297
THA-FS,224,"RETAIL SMALL BUSINESS,RETAIL PRIVATE",,,,,,,,Y,,4.7,,0.0158170649784042,0.0158286456116154
THA-FS,225,"RETAIL SMALL BUSINESS,RETAIL PRIVATE",,,,,,,,Y,,4.8,,0.016562083229406,0.0165742026194011
THA-FS,226,"RETAIL SMALL BUSINESS,RETAIL PRIVATE",,,,,,,,Y,,4.9,,0.0173071014804078,0.0173197596271869
THA-FS,227,"RETAIL SMALL BUSINESS,RETAIL PRIVATE",,,,,,,,Y,,"5, 5.0",,0.0180521197314096,0.0180653166349726
THA-FS,228,"RETAIL SMALL BUSINESS,RETAIL PRIVATE",,,,,,,,Y,,5.1,,0.0194886602393266,0.0195028726230669
THA-FS,229,"RETAIL SMALL BUSINESS,RETAIL PRIVATE",,,,,,,,Y,,5.2,,0.0209252007472436,0.0209404286111611
THA-FS,230,"RETAIL SMALL BUSINESS,RETAIL PRIVATE",,,,,,,,Y,,5.3,,0.0223617412551606,0.0223779845992554
THA-FS,231,"RETAIL SMALL BUSINESS,RETAIL PRIVATE",,,,,,,,Y,,5.4,,0.0237982817630776,0.0238155405873497
THA-FS,232,"RETAIL SMALL BUSINESS,RETAIL PRIVATE",,,,,,,,Y,,5.5,,0.0252348222709946,0.025253096575444
THA-FS,233,"RETAIL SMALL BUSINESS,RETAIL PRIVATE",,,,,,,,Y,,5.6,,0.0266713627789116,0.0266906525635382
THA-FS,234,"RETAIL SMALL BUSINESS,RETAIL PRIVATE",,,,,,,,Y,,5.7,,0.0281079032868286,0.0281282085516325
THA-FS,235,"RETAIL SMALL BUSINESS,RETAIL PRIVATE",,,,,,,,Y,,5.8,,0.0295444437947456,0.0295657645397268
THA-FS,236,"RETAIL SMALL BUSINESS,RETAIL PRIVATE",,,,,,,,Y,,5.9,,0.0309809843026626,0.031003320527821
THA-FS,237,"RETAIL SMALL BUSINESS,RETAIL PRIVATE",,,,,,,,Y,,"6, 6.0",,0.0324175248105796,0.0324408765159153
THA-FS,238,"RETAIL SMALL BUSINESS,RETAIL PRIVATE",,,,,,,,Y,,6.1,,0.0297149553216839,0.0297363711090383
THA-FS,239,"RETAIL SMALL BUSINESS,RETAIL PRIVATE",,,,,,,,Y,,6.2,,0.0270123858327882,0.0270318657021612
THA-FS,240,"RETAIL SMALL BUSINESS,RETAIL PRIVATE",,,,,,,,Y,,6.3,,0.0243098163438926,0.0243273602952842
THA-FS,241,"RETAIL SMALL BUSINESS,RETAIL PRIVATE",,,,,,,,Y,,6.4,,0.0216072468549969,0.0216228548884072
THA-FS,242,"RETAIL SMALL BUSINESS,RETAIL PRIVATE",,,,,,,,Y,,6.5,,0.0189046773661012,0.0189183494815302
THA-FS,243,"RETAIL SMALL BUSINESS,RETAIL PRIVATE",,,,,,,,Y,,6.6,,0.0162021078772056,0.0162138440746532
THA-FS,244,"RETAIL SMALL BUSINESS,RETAIL PRIVATE",,,,,,,,Y,,6.7,,0.0134995383883099,0.0135093386677761
THA-FS,245,"RETAIL SMALL BUSINESS,RETAIL PRIVATE",,,,,,,,Y,,6.8,,0.0107969688994142,0.0108048332608991
THA-FS,246,"RETAIL SMALL BUSINESS,RETAIL PRIVATE",,,,,,,,Y,,6.9,,0.0080943994105185,0.0081003278540221
THA-FS,247,"RETAIL SMALL BUSINESS,RETAIL PRIVATE",,,,,,,,Y,,"7, 7.0",,0.0053918299216228,0.005395822447145
THA-FS,248,"RETAIL SMALL BUSINESS,RETAIL PRIVATE",,,,,,,,Y,,7.1,,0.0128742613172501,0.0128833472521035
THA-FS,249,"RETAIL SMALL BUSINESS,RETAIL PRIVATE",,,,,,,,Y,,7.2,,0.0203566927128775,0.0203708720570619
THA-FS,250,"RETAIL SMALL BUSINESS,RETAIL PRIVATE",,,,,,,,Y,,7.3,,0.0278391241085048,0.0278583968620203
THA-FS,251,"RETAIL SMALL BUSINESS,RETAIL PRIVATE",,,,,,,,Y,,7.4,,0.0353215555041321,0.0353459216669788
THA-FS,252,"RETAIL SMALL BUSINESS,RETAIL PRIVATE",,,,,,,,Y,,7.5,,0.0428039868997594,0.0428334464719372
THA-FS,253,"RETAIL SMALL BUSINESS,RETAIL PRIVATE",,,,,,,,Y,,7.6,,0.0502864182953867,0.0503209712768956
THA-FS,254,"RETAIL SMALL BUSINESS,RETAIL PRIVATE",,,,,,,,Y,,7.7,,0.057768849691014,0.0578084960818541
THA-FS,255,"RETAIL SMALL BUSINESS,RETAIL PRIVATE",,,,,,,,Y,,7.8,,0.06525128108664,0.06529602088681
THA-FS,256,"RETAIL SMALL BUSINESS,RETAIL PRIVATE",,,,,,,,Y,,7.9,,0.07273371248226,0.07278354569177
THA-FS,257,"RETAIL SMALL BUSINESS,RETAIL PRIVATE",,,,,,,,Y,,"8, 8.0",,0.08021614387789,0.08027107049672
THA-FS,258,"RETAIL SMALL BUSINESS,RETAIL PRIVATE",,,,,,,,Y,,8.1,,0.08021614387789,0.08027107049672
THA-FS,259,"RETAIL SMALL BUSINESS,RETAIL PRIVATE",,,,,,,,Y,,8.2,,0.08021614387789,0.08027107049672
THA-FS,260,"RETAIL SMALL BUSINESS,RETAIL PRIVATE",,,,,,,,Y,,8.3,,0.08021614387789,0.08027107049672
THA-FS,261,"RETAIL SMALL BUSINESS,RETAIL PRIVATE",,,,,,,,Y,,8.4,,0.08021614387789,0.08027107049672
THA-FS,262,"RETAIL SMALL BUSINESS,RETAIL PRIVATE",,,,,,,,Y,,8.5,,0.08021614387789,0.08027107049672
THA-FS,263,"RETAIL SMALL BUSINESS,RETAIL PRIVATE",,,,,,,,Y,,8.6,,0.08021614387789,0.08027107049672
THA-FS,264,"RETAIL SMALL BUSINESS,RETAIL PRIVATE",,,,,,,,Y,,8.7,,0.08021614387789,0.08027107049672
THA-FS,265,"RETAIL SMALL BUSINESS,RETAIL PRIVATE",,,,,,,,Y,,8.8,,0.08021614387789,0.08027107049672
THA-FS,266,"RETAIL SMALL BUSINESS,RETAIL PRIVATE",,,,,,,,Y,,8.9,,0.08021614387789,0.08027107049672
