Class,ModelName,RoadTaxJur,RoadTaxInd,MSRP,CC,RV12,RV24,RV36,RV48,RV60
A-Class,A 200 AMG Dynamic(*)(*),3196,1398,2170000,1332,0.67,0.56,0.51,0.45,0.4
A-Class,A 200 AMG Dynamic (FL),3196,1398,2320000,1332,0.67,0.56,0.51,0.45,0.4
GLA-Class,GLA 200 AMG Dynamic(*),3196,1398,2480000,1332,N/A,N/A,N/A,N/A,N/A
GLA-Class,GLA 200 AMG Dynamic (*)(*),3196,1398,2540000,1332,N/A,N/A,N/A,N/A,N/A
GLA-Class,GLA 200 AMG Dynamic -TH5,3196,1398,2580000.01,1332,N/A,N/A,N/A,N/A,N/A
GLA-Class,GLA 200 Progressive,3196,1398,2199000,1332,N/A,N/A,N/A,N/A,N/A
GLA-Class,GLA 200 Progressive(*),3196,1398,2330000,1332,N/A,N/A,N/A,N/A,N/A
GLB-Class,GLB 200 Progressive,3196,1398,2860000,1332,N/A,N/A,N/A,N/A,N/A
GLB-Class,GLB 200 Progressive (*),3196,1398,2899000,1332,N/A,N/A,N/A,N/A,N/A
GLB-Class,GLB 200 Progressive (*) PG1,3196,1398,2999000,1332,N/A,N/A,N/A,N/A,N/A
GLB-Class,GLB 200 Progressive (*) PG2,3196,1398,3019000,1332,N/A,N/A,N/A,N/A,N/A
C-Class,C 200 Coupe AMG Dynamic (*)(*),6128,2864,3469000,1991,0.67,0.57,0.52,0.46,0.41
C-Class,C 200 Coupe AMG Dynamic (*)(*)(*),6128,2864,3539000,1991,0.67,0.57,0.52,0.46,0.41
C-Class,C 200 Coupe AMG Dynamic (*)(*)(*)(*),6128,2864,3560000,1991,0.67,0.57,0.52,0.46,0.41
C-Class,C 220 d Avantgarde (new),6144,2872,2590000,1993,0.7,0.59,0.53,0.46,0.41
C-Class,C 220 d Avantgarde (new) (*),6144,2872,2730000,1993,0.7,0.59,0.53,0.46,0.41
C-Class,C 220 d AMG Dynamic (new),6144,2872,2990000,1993,0.62,0.52,0.47,0.41,0.36
C-Class,C 220 d AMG Line,6144,2872,2880000,1993,0.7,0.59,0.53,0.46,0.41
C-Class,C 300 e AMG Sport,6128,2864,2699000,1991,N/A,N/A,N/A,N/A,N/A
C-Class,C 300 e AMG Sport(*),6128,2864,2739000,1991,N/A,N/A,N/A,N/A,N/A
C-Class,C 350 e AMG Dynamic (New),6192,2896,3350000,1999,0.66,0.55,0.49,0.42,0.37
C-Class,C 350 e AMG Dynamic - TH3,6192,2896,3200000,1999,N/A,N/A,N/A,N/A,N/A
C-Class,C 350 e AMG Dynamic (Night Edition)-TH2,6192,2896,3290000,1999,N/A,N/A,N/A,N/A,N/A
CLE-Class,CLE 300 4MATIC Coupe AMG Dynamic - THA,6192,2896,3950000,1999,N/A,N/A,N/A,N/A,N/A
CLE-Class,CLE 300 4MATIC Coupe AMG Dynamic - THB,6192,2896,4050000,1999,N/A,N/A,N/A,N/A,N/A
E-Class,E 300 e Avantgarde FL(*)(*),6128,2864,3299000,1991,0.62,0.52,0.47,0.41,0.36
E-Class,E 300 e Avantgarde FL (*)(*)(*),6128,2864,3400000,1991,0.62,0.52,0.47,0.41,0.36
E-Class,E 300 e AMG Dynamic FL(*),6128,2864,3849000,1991,0.62,0.52,0.47,0.41,0.36
E-Class,E 300 e AMG Dynamic FL(*)(*),6128,2864,3899000,1991,0.62,0.52,0.47,0.41,0.36
E-Class,E 300 e AMG Dynamic FL (*)(*)(*),6128,2864,4020000,1991,0.62,0.52,0.47,0.41,0.36
E-Class,E 350 e AMG Dynamic-THB,6192,2896,4080000,1991,N/A,N/A,N/A,N/A,N/A
E-Class,E 220 d AMG Sport FL(*),5800,2700,3569000,1950,0.67,0.57,0.52,0.46,0.41
E-Class,E 220 d AMG Line -THB,6144,2872,3990000,1993,N/A,N/A,N/A,N/A,N/A
E-Class,E 220 d AMG Sport FL (*)(*),5800,2700,3650000,1950,0.67,0.57,0.52,0.46,0.41
E-Class,E 200 Coupe AMG Dynamic FL,6128,2864,4550000,1991,N/A,N/A,N/A,N/A,N/A
E-Class,E 200 Coupe AMG Dynamic FL (*),6128,2864,4850000,1991,N/A,N/A,N/A,N/A,N/A
E-Class,E 200 Coupe AMG Dynamic FL SP1,6128,2864,4470000,1991,N/A,N/A,N/A,N/A,N/A
E-Class,E 200 Coupe AMG Dynamic FL PG1,6128,2864,4880000,1991,N/A,N/A,N/A,N/A,N/A
E-Class,E 200 Coupe AMG Dynamic FL SP2,6128,2864,4740000,1991,N/A,N/A,N/A,N/A,N/A
E-Class,E 200 Cabriolet AMG Dynamic FL,6128,2864,5140000,1991,N/A,N/A,N/A,N/A,N/A
E-Class,E 200 Cabriolet AMG Dynamic FL SP1,6128,2864,5020000,1991,N/A,N/A,N/A,N/A,N/A
CLS-Class,CLS 220 d AMG Premium FL(*),5800,2700,4520000,1950,0.64,0.54,0.49,0.43,0.38
CLS-Class,CLS 220 d AMG Premium FL (*)(*),5800,2700,4640000,1950,0.64,0.54,0.49,0.43,0.38
S-Class,S 350 d Exclusive V223(*),13600,6600,6860000,2925,0.68,0.57,0.51,0.45,0.4
S-Class,S 350 d Exclusive V223 (*)(*),13600,6600,7050000,2925,0.68,0.57,0.51,0.45,0.4
S-Class,S 350 d AMG Premium V223,13600,6600,7190000,2925,0.68,0.57,0.51,0.45,0.4
S-Class,S 580 e AMG Premium(*),14168,6884,7380000,2996,0.66,0.55,0.49,0.43,0.38
S-Class,S 580 e AMG Premium (*)(*),14192,6896,7580000,2999,0.66,0.55,0.49,0.43,0.38
G-Class,G 350 d Sport (*)(*),13600,6600,9390000,2925,N/A,N/A,N/A,N/A,N/A
G-Class,G 350 d Sport (*)(*)(*),13600,6600,9490000,2925,N/A,N/A,N/A,N/A,N/A
G-Class,G 350 d Sport (*)(*)(*) PG1,13600,6600,9790000,2925,N/A,N/A,N/A,N/A,N/A
G-Class,G 350 d Exclusive,13600,6600,10100000,2925,N/A,N/A,N/A,N/A,N/A
G-Class,G 350 d Exclusive SP1,13600,6600,11110000,2925,N/A,N/A,N/A,N/A,N/A
GLC-Class,GLC 220 d,5800,2700,3239000,1950,0.68,0.58,0.53,0.47,0.42
GLC-Class,GLC 220 d(*),5800,2700,3349000,1950,0.68,0.58,0.53,0.47,0.42
GLC-Class,GLC 220 d(*)(*),5800,2700,3390000,1950,0.68,0.58,0.53,0.47,0.42
GLC-Class,GLC 220 d AMG Dynamic,5800,2700,3699000,1950,0.68,0.58,0.53,0.47,0.42
GLC-Class,GLC 220 d AMG Dynamic(*),5800,2700,3769000,1950,0.68,0.58,0.53,0.47,0.42
GLC-Class,GLC 220 d AMG Dynamic(*)(*),5800,2700,3800000,1950,0.68,0.58,0.53,0.47,0.42
GLC-Class,GLC 220 d 4MATIC Coupe' AMG Dynamic(*)(*),5800,2700,4160000,1950,0.68,0.58,0.53,0.47,0.42
GLC-Class,GLC 220 d 4MATIC Coupe AMG Dynamic (*)(*)(*),5800,2700,4180000,1950,0.68,0.58,0.53,0.47,0.42
GLC-Class,GLC 300 e 4MATIC AMG Dynamic (*)(*),6128,2864,3779000,1991,0.66,0.56,0.51,0.45,0.4
GLC-Class,GLC 300 e 4MATIC AMG Dynamic (*)(*)(*),6128,2864,3830000,1991,0.66,0.56,0.51,0.45,0.4
GLC-Class,GLC 220 d 4MATIC Avantgarde,6144,2872,3720000,1993,0.74,0.63,0.57,0.5,0.44
GLC-Class,GLC 300 e 4MATIC Coupe AMG Dynamic (*)(*)(*),6128,2864,4180000,1991,0.66,0.56,0.51,0.45,0.4
GLC-Class,GLC 300 e 4MATIC Coupe AMG Dynamic (*)(*)(*)(*),6128,2864,4200000,1991,0.66,0.56,0.51,0.45,0.4
GLC-Class,GLC 350 e 4MATIC Coupe AMG Dynamic-TH1,6192,2896,4340000,1999,N/A,N/A,N/A,N/A,N/A
GLC-Class,GLC 350 e 4MATIC AMG Dynamic,6192,2896,4180000,1999,0.7,0.59,0.53,0.46,0.4
GLE-Class,GLE 300 d 4MATIC AMG Dynamic(*)(*)(*),5800,2700,5350000,1950,N/A,N/A,N/A,N/A,N/A
GLE-Class,GLE 300 d 4MATIC AMG Dynamic (*)(*)(*)(*),5800,2700,5430000,1950,N/A,N/A,N/A,N/A,N/A
GLE-Class,GLE 300 d 4MATIC AMG Dynamic SP,5800,2700,5290000,1950,N/A,N/A,N/A,N/A,N/A
GLE-Class,GLE 300 d 4MATIC AMG Dynamic (New),6144,2872,5590000,1993,0.71,0.6,0.55,0.49,0.44
GLE-Class,GLE 350 de 4MATIC Exclusive(*),5800,2700,4799000,1950,0.67,0.56,0.5,0.44,0.39
GLE-Class,GLE 350 de 4MATIC Exclusive(*)(*),5800,2700,4860000,1950,0.67,0.56,0.5,0.44,0.39
GLS-Class,GLS 350 d 4MATIC AMG Premium(*)(*)(*)(*)(*),13600,6600,6699000,2925,0.63,0.52,0.46,0.4,0.35
GLS-Class,GLS 350 d 4MATIC AMG Premium (*)(*)(*)(*)(*)(*),13600,6600,6880000,2925,0.63,0.52,0.46,0.4,0.35
GLS-Class,GLS 350 d 4MATIC AMG Premium -TH1,13600,6600,6880000.01,2925,N/A,N/A,N/A,N/A,N/A
GLS-Class,GLS 450 d 4MATIC AMG Dynamic-TH1,14112,6856,6980000,2925,N/A,N/A,N/A,N/A,N/A
GLA-Class,Mercedes-AMG GLA 35 4MATIC (*),6128,2864,3310000,1991,0.68,0.57,0.51,0.45,0.4
GLA-Class,Mercedes-AMG GLA 35 4MATIC (*)(*),6128,2864,3380000,1991,0.68,0.57,0.51,0.45,0.4
GLC-Class,Mercedes-AMG GLC 43 4MATIC Coupe (CKD)(*)(*)(*),14168,6884,4999000,2996,0.67,0.56,0.5,0.43,0.38
GLC-Class,Mercedes-AMG GLC 43 4MATIC Coupe (CKD)(*)(*)(*)(*),14168,6884,5100000,2996,0.67,0.56,0.5,0.43,0.38
GLC-Class,Mercedes-AMG GLC 43 4MATIC Coupe(*),14168,6884,5180000,2996,0.67,0.56,0.5,0.43,0.38
GLE-Class,Mercedes-AMG GLE 53 4MATIC+(*),14192,6896,6099000,2999,0.67,0.56,0.5,0.44,0.39
GLE-Class,Mercedes-AMG GLE 53 4MATIC+(*)(*),14192,6896,6220000,2999,0.67,0.56,0.5,0.44,0.39
GLE-Class,Mercedes-AMG GLE 53 Hybrid 4MATIC+ - THA,14192,6896,5850000,2999,0.72,0.61,0.55,0.48,0.43
C-Class,Mercedes-AMG C 43 4 MATIC Coupe (CKD) (*),14168,6884,4220000,2996,N/A,N/A,N/A,N/A,N/A
C-Class,Mercedes-AMG C 43 4 MATIC Coupe (CKD) (*)(*),14168,6884,4299000,2996,N/A,N/A,N/A,N/A,N/A
C-Class,Mercedes-AMG C 43 4MATIC Coupé Special EDITION      ,14168,6884,4490000,2996,N/A,N/A,N/A,N/A,N/A
C-Class,Mercedes-AMG C 43 4MATIC Coupe Special EDITION_PG1,14168,6884,4590000,2996,N/A,N/A,N/A,N/A,N/A
C-Class,Mercedes-AMG C 43 4 MATIC Sedan(*),14168,6884,4099000,2996,N/A,N/A,N/A,N/A,N/A
CLA-Class,Mercedes-AMG CLA 35 4MATIC,6128,2864,3999000,1991,N/A,N/A,N/A,N/A,N/A
CLA-Class,Mercedes-AMG CLA 35 4MATIC_PG1,6128,2864,4079000,1991,N/A,N/A,N/A,N/A,N/A
CLA-Class,Mercedes-AMG CLA 35 4MATIC (*),6128,2864,4129000,1991,N/A,N/A,N/A,N/A,N/A
CLA-Class,Mercedes-AMG CLA 45 S 4MATIC + Coupe,6128,2864,4999000,1991,N/A,N/A,N/A,N/A,N/A
CLA-Class,Mercedes-AMG CLA 45 S 4MATIC+ (*),6128,2864,5169000,1991,N/A,N/A,N/A,N/A,N/A
CLS-Class,Mercedes-AMG CLS 53 4MATIC+FL(*),14192,6896,5720000,2999,0.64,0.54,0.49,0.43,0.38
CLS-Class,Mercedes-AMG CLS 53 4MATIC+ FL (*)(*),14192,6896,5880000,2999,0.64,0.54,0.49,0.43,0.38
CLS-Class,Mercedes-AMG CLS 53 4MATIC+MMC,14192,6896,5380000,2999,0.64,0.54,0.49,0.43,0.38
CLS-Class,Mercedes-AMG CLS 53 4MATIC+MMC(*),14192,6896,5399000,2999,0.64,0.54,0.49,0.43,0.38
E-Class,Mercedes-AMG E 53 4MATIC+ Coupe,14192,6896,6990000,2999,N/A,N/A,N/A,N/A,N/A
E-Class,Mercedes-AMG E 53 4MATIC+(*),14192,6896,4990000,2999,N/A,N/A,N/A,N/A,N/A
C-Class,Mercedes-AMG C 63 S Coupe,22056,10828,10129000,3982,N/A,N/A,N/A,N/A,N/A
E-Class,Mercedes-AMG E 63 S 4MATIC,22056,10828,12790000,3982,N/A,N/A,N/A,N/A,N/A
G-Class,Mercedes-AMG G 63(*)(*),22056,10828,15100000,3982,N/A,N/A,N/A,N/A,N/A
G-Class,Mercedes-AMG G 63 (*)(*)(*)(*) SP2,22056,10828,17890000,3982,N/A,N/A,N/A,N/A,N/A
G-Class,Mercedes-AMG G 63 (*)(*)(*)(*)(*) SP2,22056,10828,19605000,3982,N/A,N/A,N/A,N/A,N/A
GT-Class,Mercedes-AMG GT C Roadster,22056,10828,16800000,3982,N/A,N/A,N/A,N/A,N/A
GT-Class,Mercedes-AMG GT C Roadster (*),22056,10828,17190000,3982,N/A,N/A,N/A,N/A,N/A
GT-Class,Mercedes-AMG GT S,22056,10828,14900000,3982,N/A,N/A,N/A,N/A,N/A
GT-Class,Mercedes-AMG GT R(*)(*),22056,10828,18000000,3982,N/A,N/A,N/A,N/A,N/A
GT-Class,Mercedes-AMG GT R(*)(*)(*),22056,10828,17900000,3982,N/A,N/A,N/A,N/A,N/A
GLS-Class,Mercedes-Maybach GLS 600 4MATIC Premium,22056,10828,18000000,3982,N/A,N/A,N/A,N/A,N/A
GLS-Class,Mercedes-Maybach GLS 600 4MATIC Premium (*),22056,10828,18500000,3982,N/A,N/A,N/A,N/A,N/A
GLS-Class,Mercedes-Maybach GLS 600 4MATIC Premium (*)(*),22056,10828,18980000,3982,N/A,N/A,N/A,N/A,N/A
GLS-Class,Mercedes-Maybach GLS 600 4MATIC Premium (*) PG1,22056,10828,18000000,3982,N/A,N/A,N/A,N/A,N/A
S-Class,Mercedes-Maybach S 580 4MATIC Premium,22056,10828,18300000,3982,N/A,N/A,N/A,N/A,N/A
S-Class,Mercedes-Maybach S 580 e Premium,14192,6896,9880000,2999,N/A,N/A,N/A,N/A,N/A
S-Class,Mercedes-Maybach S 580 e Premium SP1,14192,6896,10380000,2999,N/A,N/A,N/A,N/A,N/A
S-Class,Mercedes-Maybach S 580 e Premium (Two-Tone),14192,6896,11200000,2999,N/A,N/A,N/A,N/A,N/A
GT-Class,Mercedes-AMG GT 63 S 4MATIC+ 4 Door Coupe(*),22056,10828,15100000,3982,N/A,N/A,N/A,N/A,N/A
G-Class,Mercedes-AMG G 63(*),22056,10828,14840000,3982,N/A,N/A,N/A,N/A,N/A
G-Class,Mercedes-AMG G 63(*)(*)(*),22056,10828,15490000,3982,N/A,N/A,N/A,N/A,N/A
G-Class,Mercedes-AMG G 63 (*)(*)(*)(*),22056,10828,16300000,3982,N/A,N/A,N/A,N/A,N/A
A-Class,Mercedes-AMG A 45 S 4MATIC+,6128,2864,4999000,1991,N/A,N/A,N/A,N/A,N/A
A-Class,Mercedes-AMG A 45 S 4MATIC+ PG1,6128,2864,4999000,1991,N/A,N/A,N/A,N/A,N/A
A-Class,Mercedes-AMG A 45 S 4MATIC+ PG2,6128,2864,4999000,1991,N/A,N/A,N/A,N/A,N/A
SL-Class,Mercedes-AMG SL 43,6128,2864,11700000,1991,N/A,N/A,N/A,N/A,N/A
EQS-Class,EQS 500 4MATIC AMG Premium EC,4400,2200,7200000,2615,0.64,0.52,0.45,0.37,0.3
EQB-Class,EQB 250 AMG Line EC,3800,1900,3020000,2110,0.67,0.55,0.48,0.4,0.34
EQE-Class,EQE 350 4MATIC SUV AMG Dynamic ,4400,2200,5650000,2580,0.69,0.57,0.5,0.42,0.35
EQE-Class,EQE 350 4MATIC SUV Electric Art,4400,2200,4850000,2580,0.69,0.57,0.5,0.42,0.35
EQE-Class,EQE 350 4MATIC SUV AMG Line,4400,2200,5300000,2580,0.69,0.57,0.5,0.42,0.35
EQE-Class,Mercedes-AMG EQE 53 4MATIC+                  ,4400,2200,5950000,2540,0.69,0.57,0.5,0.42,0.35
V-Class,V 250 d Business,7344,3472,3990000,2143,N/A,N/A,N/A,N/A,N/A
V-Class,V 250 d Business PLUS,7344,3472,4150000,2143,N/A,N/A,N/A,N/A,N/A
V-Class,V 250 d Business PLUS PG2,7344,3472,4390000,2143,N/A,N/A,N/A,N/A,N/A
V-Class,V 250 d Business PLUS PG3,7344,3472,4880000,2143,N/A,N/A,N/A,N/A,N/A
V-Class,V 250 d Exclusive,5800,2700,5400000,1950,0.66,0.56,0.51,0.45,0.4
V-Class,V 250 d Avantgarde Premium,7344,3472,5880000,2143,N/A,N/A,N/A,N/A,N/A
V-Class,V 250 d Luxury,7344,3472,4650000,2143,N/A,N/A,N/A,N/A,N/A
Vito,Vito 116 Tourer SELECT,7344,3472,2940000,2143,N/A,N/A,N/A,N/A,N/A
Vito,Vito 119 Tourer Select,5800,2700,3100000,1950,0.69,0.59,0.54,0.48,0.43
Sprinter,"Sprinter 419 CDI  with standard Wheelbase, 14seat",14096,6848,3790000,2987,N/A,N/A,N/A,N/A,N/A
Sprinter,"Sprinter 419 CDI with long Wheelbase,14 seat ",14096,6848,3900000,2987,N/A,N/A,N/A,N/A,N/A
Sprinter,Sprinter 319 CDI (Standard),7344,3472,3415000,2143,N/A,N/A,N/A,N/A,N/A
Sprinter,Sprinter 319 CDI wb 3665,7344,3472,3190000,2143,N/A,N/A,N/A,N/A,N/A
Sprinter,Sprinter 319CDI  Wheel base 4325,14096,6848,3750000,2987,N/A,N/A,N/A,N/A,N/A
Sprinter,Sprinter 519CDI  Wheel base 4325,14096,6848,3350000,2987,N/A,N/A,N/A,N/A,N/A
Sprinter,"Sprinter 419CDI,14 Seat",14096,6848,3790000,2987,N/A,N/A,N/A,N/A,N/A
Sprinter,"Sprinter 419CDI,14 Seat (long wheelbase)",14096,6848,3900000,2987,N/A,N/A,N/A,N/A,N/A
Sprinter,Sprinter 416 CDI Business,7344,3472,2890000,2143,N/A,N/A,N/A,N/A,N/A
V-Class,V 250 d AMG Line,7344,3472,6290000,2143,N/A,N/A,N/A,N/A,N/A
Sprinter,Sprinter 319 Cab Chassis,5800,2700,2070000,1950,N/A,N/A,N/A,N/A,N/A
Sprinter,Sprinter 419 Business,5800,2700,3980000,1950,N/A,N/A,N/A,N/A,N/A
Sprinter,Sprinter 419 Business Long,5800,2700,4240000,1950,N/A,N/A,N/A,N/A,N/A