Models name,MSRP,MBSP Group, Easy Care 3 , Easy Care 4 , Easy Care 5 , Easy Care 6 , Easy Care 7 , Easy Care 8 , Extra Guarantee 4 , Extra Guarantee 5 , Extra Guarantee 6 , Extra Guarantee 7 , Extra Guarantee 8 , Ultimate 3 , Ultimate 4 , Ultimate 5 , Ultimate 6 , Ultimate 7 , Ultimate 8 
A 200 AMG Dynamic -TH5," 2,320,000.00 ",NGCC," 83,590.00 "," 109,820.00 "," 141,150.00 "," 173,400.00 "," 199,890.00 "," 226,580.00 "," 51,640.00 "," 138,340.00 "," 174,670.00 "," 211,850.00 "," 254,220.00 "," 115,120.00 "," 237,440.00 "," 373,860.00 "," 486,030.00 "," 568,220.00 "," 695,800.00 "
C 200 Coupe AMG Dynamic -TH1," 3,560,000.01 ",Dream cars 1," 83,450.00 "," 114,460.00 "," 163,170.00 "," 199,840.00 "," 224,020.00 "," 255,580.00 "," 61,570.00 "," 164,940.00 "," 208,270.00 "," 252,570.00 "," 303,100.00 "," 117,700.00 "," 258,340.00 "," 431,600.00 "," 557,720.00 "," 647,580.00 "," 794,640.00 "
C 200 Coupe AMG Dynamic - TH2," 3,539,000.00 ",Dream cars 1," 83,450.00 "," 114,460.00 "," 163,170.00 "," 199,840.00 "," 224,020.00 "," 255,580.00 "," 61,570.00 "," 164,940.00 "," 208,270.00 "," 252,570.00 "," 303,100.00 "," 117,700.00 "," 258,340.00 "," 431,600.00 "," 557,720.00 "," 647,580.00 "," 794,640.00 "
C 220 d AMG Line -TH4," 2,880,000.01 ",C-Class 206," 96,340.00 "," 133,890.00 "," 191,830.00 "," 240,570.00 "," 265,300.00 "," 314,450.00 "," 63,990.00 "," 171,430.00 "," 216,440.00 "," 262,480.00 "," 315,000.00 "," 129,440.00 "," 278,670.00 "," 462,190.00 "," 602,330.00 "," 691,410.00 "," 854,240.00 "
C 220 d Avantgarde -TH3," 2,730,000.00 ",C-Class 206," 96,340.00 "," 133,890.00 "," 191,830.00 "," 240,570.00 "," 265,300.00 "," 314,450.00 "," 63,990.00 "," 171,430.00 "," 216,440.00 "," 262,480.00 "," 315,000.00 "," 129,440.00 "," 278,670.00 "," 462,190.00 "," 602,330.00 "," 691,410.00 "," 854,240.00 "
C 350 e AMG Dynamic -TH2," 3,350,000.01 ",C-Class 206," 96,340.00 "," 133,890.00 "," 191,830.00 "," 240,570.00 "," 265,300.00 "," 314,450.00 "," 63,990.00 "," 171,430.00 "," 216,440.00 "," 262,480.00 "," 315,000.00 "," 129,440.00 "," 278,670.00 "," 462,190.00 "," 602,330.00 "," 691,410.00 "," 854,240.00 "
C 350 e AMG Dynamic (Night Edition)-TH2," 3,290,000.00 ",C-Class 206," 96,340.00 "," 133,890.00 "," 191,830.00 "," 240,570.00 "," 265,300.00 "," 314,450.00 "," 63,990.00 "," 171,430.00 "," 216,440.00 "," 262,480.00 "," 315,000.00 "," 129,440.00 "," 278,670.00 "," 462,190.00 "," 602,330.00 "," 691,410.00 "," 854,240.00 "
C 350 e AMG Dynamic-TH3," 3,200,000.00 ",C-Class 206," 96,340.00 "," 133,890.00 "," 191,830.00 "," 240,570.00 "," 265,300.00 "," 314,450.00 "," 63,990.00 "," 171,430.00 "," 216,440.00 "," 262,480.00 "," 315,000.00 "," 129,440.00 "," 278,670.00 "," 462,190.00 "," 602,330.00 "," 691,410.00 "," 854,240.00 "
CLE 300 4MATIC Coupe AMG Dynamic - THA," 3,950,000.00 ",E-Class 214," 91,910.00 "," 125,980.00 "," 180,970.00 "," 215,350.00 "," 245,970.00 "," 278,740.00 "," 81,180.00 "," 217,500.00 "," 274,620.00 "," 333,050.00 "," 399,650.00 "," 159,200.00 "," 339,320.00 "," 576,530.00 "," 733,480.00 "," 868,900.00 "," 1,044,970.00 "
CLE 300 4MATIC Coupe AMG Dynamic - THB," 4,050,000.00 ",E-Class 214," 91,910.00 "," 125,980.00 "," 180,970.00 "," 215,350.00 "," 245,970.00 "," 278,740.00 "," 81,180.00 "," 217,500.00 "," 274,620.00 "," 333,050.00 "," 399,650.00 "," 159,200.00 "," 339,320.00 "," 576,530.00 "," 733,480.00 "," 868,900.00 "," 1,044,970.00 "
CLS 220 d AMG Premium -TH2," 4,640,000.00 ",Dream cars 2," 111,650.00 "," 150,810.00 "," 232,090.00 "," 341,930.00 "," 431,750.00 "," 542,640.00 "," 77,460.00 "," 207,530.00 "," 262,020.00 "," 317,750.00 "," 381,310.00 "," 153,820.00 "," 323,540.00 "," 560,140.00 "," 776,450.00 "," 947,500.00 "," 1,195,620.00 "
E 200 Coupe AMG Dynamic -TH2," 4,850,000.00 ",Dream cars 2," 111,650.00 "," 150,810.00 "," 232,090.00 "," 341,930.00 "," 431,750.00 "," 542,640.00 "," 77,460.00 "," 207,530.00 "," 262,020.00 "," 317,750.00 "," 381,310.00 "," 153,820.00 "," 323,540.00 "," 560,140.00 "," 776,450.00 "," 947,500.00 "," 1,195,620.00 "
E 220 d AMG Line-THB," 3,990,000.00 ",E-Class 214," 91,910.00 "," 125,980.00 "," 180,970.00 "," 215,350.00 "," 245,970.00 "," 278,740.00 "," 81,180.00 "," 217,500.00 "," 274,620.00 "," 333,050.00 "," 399,650.00 "," 159,200.00 "," 339,320.00 "," 576,530.00 "," 733,480.00 "," 868,900.00 "," 1,044,970.00 "
E 220 d AMG Line-THC," 3,930,000.00 ",E-Class 214," 91,910.00 "," 125,980.00 "," 180,970.00 "," 215,350.00 "," 245,970.00 "," 278,740.00 "," 81,180.00 "," 217,500.00 "," 274,620.00 "," 333,050.00 "," 399,650.00 "," 159,200.00 "," 339,320.00 "," 576,530.00 "," 733,480.00 "," 868,900.00 "," 1,044,970.00 "
E 220 d AMG Sport -TH3," 3,650,000.01 ",E-Class 213," 85,500.00 "," 121,870.00 "," 172,370.00 "," 209,040.00 "," 237,340.00 "," 268,190.00 "," 78,120.00 "," 209,290.00 "," 264,260.00 "," 320,470.00 "," 384,580.00 "," 121,480.00 "," 281,450.00 "," 485,400.00 "," 621,980.00 "," 728,960.00 "," 872,840.00 "
E 300 e AMG Dynamic -TH5," 4,020,000.01 ",E-Class 213," 85,500.00 "," 121,870.00 "," 172,370.00 "," 209,040.00 "," 237,340.00 "," 268,190.00 "," 78,120.00 "," 209,290.00 "," 264,260.00 "," 320,470.00 "," 384,580.00 "," 121,480.00 "," 281,450.00 "," 485,400.00 "," 621,980.00 "," 728,960.00 "," 872,840.00 "
E 300 e Avantgarde -TH4," 3,400,000.01 ",E-Class 213," 85,500.00 "," 121,870.00 "," 172,370.00 "," 209,040.00 "," 237,340.00 "," 268,190.00 "," 78,120.00 "," 209,290.00 "," 264,260.00 "," 320,470.00 "," 384,580.00 "," 121,480.00 "," 281,450.00 "," 485,400.00 "," 621,980.00 "," 728,960.00 "," 872,840.00 "
E 350 e AMG Dynamic-THA," 4,250,000.00 ",E-Class 214," 91,910.00 "," 125,980.00 "," 180,970.00 "," 215,350.00 "," 245,970.00 "," 278,740.00 "," 81,180.00 "," 217,500.00 "," 274,620.00 "," 333,050.00 "," 399,650.00 "," 159,200.00 "," 339,320.00 "," 576,530.00 "," 733,480.00 "," 868,900.00 "," 1,044,970.00 "
E 350 e AMG Dynamic-THB," 4,080,000.00 ",E-Class 214," 91,910.00 "," 125,980.00 "," 180,970.00 "," 215,350.00 "," 245,970.00 "," 278,740.00 "," 81,180.00 "," 217,500.00 "," 274,620.00 "," 333,050.00 "," 399,650.00 "," 159,200.00 "," 339,320.00 "," 576,530.00 "," 733,480.00 "," 868,900.00 "," 1,044,970.00 "
E 350 e Exclusive - THC," 3,650,000.00 ",E-Class 214," 91,910.00 "," 125,980.00 "," 180,970.00 "," 215,350.00 "," 245,970.00 "," 278,740.00 "," 81,180.00 "," 217,500.00 "," 274,620.00 "," 333,050.00 "," 399,650.00 "," 159,200.00 "," 339,320.00 "," 576,530.00 "," 733,480.00 "," 868,900.00 "," 1,044,970.00 "
EQB 250 AMG Line -TH1," 3,020,000.00 ",EQB," 35,330.00 "," 47,440.00 "," 56,990.00 "," 69,480.00 "," 79,340.00 "," 92,230.00 "," 35,660.00 "," 61,730.00 "," 89,520.00 "," 117,530.00 "," 139,940.00 "," 91,050.00 "," 184,510.00 "," 248,790.00 "," 329,360.00 "," 412,060.00 "," 496,600.00 "
EQB 250 AMG Line -TH2," 3,020,000.00 ",EQB," 35,330.00 "," 47,440.00 "," 56,990.00 "," 69,480.00 "," 79,340.00 "," 92,230.00 "," 35,660.00 "," 61,730.00 "," 89,520.00 "," 117,530.00 "," 139,940.00 "," 91,050.00 "," 184,510.00 "," 248,790.00 "," 329,360.00 "," 412,060.00 "," 496,600.00 "
EQE 350 4MATIC SUV AMG Dynamic -TH1," 5,650,000.01 ",EQE1," 69,810.00 "," 94,870.00 "," 109,950.00 "," 148,380.00 "," 163,800.00 "," 190,720.00 "," 51,130.00 "," 90,570.00 "," 132,610.00 "," 174,980.00 "," 208,870.00 "," 183,990.00 "," 364,750.00 "," 477,740.00 "," 650,790.00 "," 803,850.00 "," 992,680.00 "
EQE 350 4MATIC SUV AMG Dynamic -TH2," 3,790,000.00 ",EQE1," 69,810.00 "," 94,870.00 "," 109,950.00 "," 148,380.00 "," 163,800.00 "," 190,720.00 "," 51,130.00 "," 90,570.00 "," 132,610.00 "," 174,980.00 "," 208,870.00 "," 183,990.00 "," 364,750.00 "," 477,740.00 "," 650,790.00 "," 803,850.00 "," 992,680.00 "
EQE 350 4MATIC SUV AMG Line -TH2," 5,300,000.00 ",EQE1," 69,810.00 "," 94,870.00 "," 109,950.00 "," 148,380.00 "," 163,800.00 "," 190,720.00 "," 51,130.00 "," 90,570.00 "," 132,610.00 "," 174,980.00 "," 208,870.00 "," 183,990.00 "," 364,750.00 "," 477,740.00 "," 650,790.00 "," 803,850.00 "," 992,680.00 "
EQE 350 4MATIC SUV AMG Line -TH3," 3,690,000.00 ",EQE1," 69,810.00 "," 94,870.00 "," 109,950.00 "," 148,380.00 "," 163,800.00 "," 190,720.00 "," 51,130.00 "," 90,570.00 "," 132,610.00 "," 174,980.00 "," 208,870.00 "," 183,990.00 "," 364,750.00 "," 477,740.00 "," 650,790.00 "," 803,850.00 "," 992,680.00 "
EQE 350 4MATIC SUV Electric Art -TH3," 4,850,000.01 ",EQE1," 69,810.00 "," 94,870.00 "," 109,950.00 "," 148,380.00 "," 163,800.00 "," 190,720.00 "," 51,130.00 "," 90,570.00 "," 132,610.00 "," 174,980.00 "," 208,870.00 "," 183,990.00 "," 364,750.00 "," 477,740.00 "," 650,790.00 "," 803,850.00 "," 992,680.00 "
EQE 350 4MATIC SUV Electric Art -TH4," 3,190,000.00 ",EQE1," 69,810.00 "," 94,870.00 "," 109,950.00 "," 148,380.00 "," 163,800.00 "," 190,720.00 "," 51,130.00 "," 90,570.00 "," 132,610.00 "," 174,980.00 "," 208,870.00 "," 183,990.00 "," 364,750.00 "," 477,740.00 "," 650,790.00 "," 803,850.00 "," 992,680.00 "
EQE 300 - THA," 3,970,000.00 ",EQE1," 69,810.00 "," 94,870.00 "," 109,950.00 "," 148,380.00 "," 163,800.00 "," 190,720.00 "," 51,130.00 "," 90,570.00 "," 132,610.00 "," 174,980.00 "," 208,870.00 "," 183,990.00 "," 364,750.00 "," 477,740.00 "," 650,790.00 "," 803,850.00 "," 992,680.00 "
EQE 300 - THB," 2,890,000.00 ",EQE1," 69,810.00 "," 94,870.00 "," 109,950.00 "," 148,380.00 "," 163,800.00 "," 190,720.00 "," 51,130.00 "," 90,570.00 "," 132,610.00 "," 174,980.00 "," 208,870.00 "," 183,990.00 "," 364,750.00 "," 477,740.00 "," 650,790.00 "," 803,850.00 "," 992,680.00 "
EQS 450+ AMG Dynamic-TH5," 5,950,000.00 ",EQS," 71,810.00 "," 97,110.00 "," 112,470.00 "," 152,850.00 "," 168,550.00 "," 195,720.00 "," 65,920.00 "," 118,520.00 "," 174,590.00 "," 231,090.00 "," 276,290.00 "," 239,810.00 "," 432,470.00 "," 576,510.00 "," 813,170.00 "," 979,410.00 "," 1,182,610.00 "
EQS 500 4MATIC AMG Premium -TH1," 7,200,000.01 ",EQS," 71,810.00 "," 97,110.00 "," 112,470.00 "," 152,850.00 "," 168,550.00 "," 195,720.00 "," 65,920.00 "," 118,520.00 "," 174,590.00 "," 231,090.00 "," 276,290.00 "," 239,810.00 "," 432,470.00 "," 576,510.00 "," 813,170.00 "," 979,410.00 "," 1,182,610.00 "
EQS 500 4MATIC SUV AMG Dynamic - THA," 6,950,000.00 ",EQS," 71,810.00 "," 97,110.00 "," 112,470.00 "," 152,850.00 "," 168,550.00 "," 195,720.00 "," 65,920.00 "," 118,520.00 "," 174,590.00 "," 231,090.00 "," 276,290.00 "," 239,810.00 "," 432,470.00 "," 576,510.00 "," 813,170.00 "," 979,410.00 "," 1,182,610.00 "
EQS 450 4MATIC SUV AMG Dynamic - THA," 5,990,000.00 ",EQS," 71,810.00 "," 97,110.00 "," 112,470.00 "," 152,850.00 "," 168,550.00 "," 195,720.00 "," 65,920.00 "," 118,520.00 "," 174,590.00 "," 231,090.00 "," 276,290.00 "," 239,810.00 "," 432,470.00 "," 576,510.00 "," 813,170.00 "," 979,410.00 "," 1,182,610.00 "
GLA 200 AMG Dynamic -TH4," 2,540,000.01 ",NGCC," 83,590.00 "," 109,820.00 "," 141,150.00 "," 173,400.00 "," 199,890.00 "," 226,580.00 "," 51,640.00 "," 138,340.00 "," 174,670.00 "," 211,850.00 "," 254,220.00 "," 115,120.00 "," 237,440.00 "," 373,860.00 "," 486,030.00 "," 568,220.00 "," 695,800.00 "
GLA 200 AMG Dynamic -TH5," 2,580,000.01 ",NGCC," 83,590.00 "," 109,820.00 "," 141,150.00 "," 173,400.00 "," 199,890.00 "," 226,580.00 "," 51,640.00 "," 138,340.00 "," 174,670.00 "," 211,850.00 "," 254,220.00 "," 115,120.00 "," 237,440.00 "," 373,860.00 "," 486,030.00 "," 568,220.00 "," 695,800.00 "
GLC 220 d 4MATIC Avantgarde -TH1," 3,720,000.01 ",SUV 2," 114,040.00 "," 157,570.00 "," 236,940.00 "," 294,680.00 "," 324,120.00 "," 382,380.00 "," 65,550.00 "," 175,590.00 "," 221,700.00 "," 268,870.00 "," 322,610.00 "," 155,800.00 "," 315,350.00 "," 533,000.00 "," 686,220.00 "," 790,670.00 "," 975,470.00 "
GLC 220 d 4MATIC Coupé AMG Dynamic -TH1," 4,180,000.00 ",SUV 2," 114,040.00 "," 157,570.00 "," 236,940.00 "," 294,680.00 "," 324,120.00 "," 382,380.00 "," 65,550.00 "," 175,590.00 "," 221,700.00 "," 268,870.00 "," 322,610.00 "," 155,800.00 "," 315,350.00 "," 533,000.00 "," 686,220.00 "," 790,670.00 "," 975,470.00 "
GLC 220 d AMG Dynamic -TH2," 3,800,000.00 ",SUV 2," 114,040.00 "," 157,570.00 "," 236,940.00 "," 294,680.00 "," 324,120.00 "," 382,380.00 "," 65,550.00 "," 175,590.00 "," 221,700.00 "," 268,870.00 "," 322,610.00 "," 155,800.00 "," 315,350.00 "," 533,000.00 "," 686,220.00 "," 790,670.00 "," 975,470.00 "
GLC 220 d -TH1," 3,390,000.00 ",SUV 2," 114,040.00 "," 157,570.00 "," 236,940.00 "," 294,680.00 "," 324,120.00 "," 382,380.00 "," 65,550.00 "," 175,590.00 "," 221,700.00 "," 268,870.00 "," 322,610.00 "," 155,800.00 "," 315,350.00 "," 533,000.00 "," 686,220.00 "," 790,670.00 "," 975,470.00 "
GLC 300 e 4MATIC Coupe AMG Dynamic -TH1," 4,200,000.01 ",SUV 2," 114,040.00 "," 157,570.00 "," 236,940.00 "," 294,680.00 "," 324,120.00 "," 382,380.00 "," 65,550.00 "," 175,590.00 "," 221,700.00 "," 268,870.00 "," 322,610.00 "," 155,800.00 "," 315,350.00 "," 533,000.00 "," 686,220.00 "," 790,670.00 "," 975,470.00 "
GLC 350 e 4MATIC AMG Dynamic -TH1," 4,180,000.00 ",SUV 2," 114,040.00 "," 157,570.00 "," 236,940.00 "," 294,680.00 "," 324,120.00 "," 382,380.00 "," 65,550.00 "," 175,590.00 "," 221,700.00 "," 268,870.00 "," 322,610.00 "," 155,800.00 "," 315,350.00 "," 533,000.00 "," 686,220.00 "," 790,670.00 "," 975,470.00 "
GLC 350 e 4MATIC Coupe AMG Dynamic-TH1," 4,340,000.00 ",SUV 2," 114,040.00 "," 157,570.00 "," 236,940.00 "," 294,680.00 "," 324,120.00 "," 382,380.00 "," 65,550.00 "," 175,590.00 "," 221,700.00 "," 268,870.00 "," 322,610.00 "," 155,800.00 "," 315,350.00 "," 533,000.00 "," 686,220.00 "," 790,670.00 "," 975,470.00 "
GLE 300 d 4MATIC AMG Dynamic -TH1," 5,590,000.01 ",SUV 1," 117,460.00 "," 161,430.00 "," 238,560.00 "," 293,300.00 "," 326,930.00 "," 382,160.00 "," 77,620.00 "," 207,950.00 "," 262,570.00 "," 318,420.00 "," 382,090.00 "," 180,640.00 "," 364,210.00 "," 617,550.00 "," 787,480.00 "," 922,380.00 "," 1,138,520.00 "
GLE 300 d 4MATIC AMG Dynamic -TH2," 5,430,000.01 ",SUV 1," 117,460.00 "," 161,430.00 "," 238,560.00 "," 293,300.00 "," 326,930.00 "," 382,160.00 "," 77,620.00 "," 207,950.00 "," 262,570.00 "," 318,420.00 "," 382,090.00 "," 180,640.00 "," 364,210.00 "," 617,550.00 "," 787,480.00 "," 922,380.00 "," 1,138,520.00 "
GLE 300 d 4MATIC AMG Line-THA," 4,980,000.00 ",SUV 1," 117,460.00 "," 161,430.00 "," 238,560.00 "," 293,300.00 "," 326,930.00 "," 382,160.00 "," 77,620.00 "," 207,950.00 "," 262,570.00 "," 318,420.00 "," 382,090.00 "," 180,640.00 "," 364,210.00 "," 617,550.00 "," 787,480.00 "," 922,380.00 "," 1,138,520.00 "
GLE 350 de 4MATIC Exclusive -TH1," 4,860,000.01 ",SUV 1," 117,460.00 "," 161,430.00 "," 238,560.00 "," 293,300.00 "," 326,930.00 "," 382,160.00 "," 77,620.00 "," 207,950.00 "," 262,570.00 "," 318,420.00 "," 382,090.00 "," 180,640.00 "," 364,210.00 "," 617,550.00 "," 787,480.00 "," 922,380.00 "," 1,138,520.00 "
GLS 350 d 4MATIC AMG Premium -TH1," 6,880,000.01 ",SUV 1," 117,460.00 "," 161,430.00 "," 238,560.00 "," 293,300.00 "," 326,930.00 "," 382,160.00 "," 77,620.00 "," 207,950.00 "," 262,570.00 "," 318,420.00 "," 382,090.00 "," 180,640.00 "," 364,210.00 "," 617,550.00 "," 787,480.00 "," 922,380.00 "," 1,138,520.00 "
GLS 450 d 4MATIC AMG Dynamic-TH1," 6,980,000.00 ",SUV 1," 117,460.00 "," 161,430.00 "," 238,560.00 "," 293,300.00 "," 326,930.00 "," 382,160.00 "," 77,620.00 "," 207,950.00 "," 262,570.00 "," 318,420.00 "," 382,090.00 "," 180,640.00 "," 364,210.00 "," 617,550.00 "," 787,480.00 "," 922,380.00 "," 1,138,520.00 "
Mercedes-AMG CLS 53 4MATIC+ -TH2," 5,880,000.00 ",AMG 1," 103,220.00 "," 142,110.00 "," 205,390.00 "," 250,670.00 "," 282,010.00 "," 321,580.00 "," 115,860.00 "," 310,430.00 "," 391,900.00 "," 475,280.00 "," 570,340.00 "," 158,510.00 "," 373,190.00 "," 661,900.00 "," 846,260.00 "," 992,180.00 "," 1,213,460.00 "
Mercedes-AMG CLE 53 4MATIC+ Coupe - THA," 5,250,000.00 ",AMG 1," 103,220.00 "," 142,110.00 "," 205,390.00 "," 250,670.00 "," 282,010.00 "," 321,580.00 "," 115,860.00 "," 310,430.00 "," 391,900.00 "," 475,280.00 "," 570,340.00 "," 158,510.00 "," 373,190.00 "," 661,900.00 "," 846,260.00 "," 992,180.00 "," 1,213,460.00 "
Mercedes-AMG EQE 53 4MATIC+ -TH1," 5,950,000.01 ",EQE2," 71,640.00 "," 96,700.00 "," 111,980.00 "," 151,960.00 "," 167,580.00 "," 194,500.00 "," 51,120.00 "," 90,560.00 "," 132,610.00 "," 174,970.00 "," 208,870.00 "," 198,830.00 "," 403,180.00 "," 526,860.00 "," 713,850.00 "," 870,060.00 "," 1,087,830.00 "
Mercedes-AMG G 63 Grand Edition-TH1," 23,400,000.00 ",AMG 2," 117,290.00 "," 157,390.00 "," 225,780.00 "," 277,090.00 "," 314,960.00 "," 355,770.00 "," 129,340.00 "," 346,530.00 "," 437,540.00 "," 530,610.00 "," 636,730.00 "," 191,740.00 "," 465,410.00 "," 792,040.00 "," 1,034,920.00 "," 1,207,330.00 "," 1,491,820.00 "
Mercedes-AMG G 63 -TH1," 17,920,000.01 ",AMG 2," 117,290.00 "," 157,390.00 "," 225,780.00 "," 277,090.00 "," 314,960.00 "," 355,770.00 "," 129,340.00 "," 346,530.00 "," 437,540.00 "," 530,610.00 "," 636,730.00 "," 191,740.00 "," 465,410.00 "," 792,040.00 "," 1,034,920.00 "," 1,207,330.00 "," 1,491,820.00 "
Mercedes-AMG GLA 35 4MATIC -TH1," 3,380,000.01 ",AMG 1," 103,220.00 "," 142,110.00 "," 205,390.00 "," 250,670.00 "," 282,010.00 "," 321,580.00 "," 115,860.00 "," 310,430.00 "," 391,900.00 "," 475,280.00 "," 570,340.00 "," 158,510.00 "," 373,190.00 "," 661,900.00 "," 846,260.00 "," 992,180.00 "," 1,213,460.00 "
Mercedes-AMG GLC 43 4MATIC Coupé -TH2," 5,180,000.01 ",AMG 1," 103,220.00 "," 142,110.00 "," 205,390.00 "," 250,670.00 "," 282,010.00 "," 321,580.00 "," 115,860.00 "," 310,430.00 "," 391,900.00 "," 475,280.00 "," 570,340.00 "," 158,510.00 "," 373,190.00 "," 661,900.00 "," 846,260.00 "," 992,180.00 "," 1,213,460.00 "
Mercedes-AMG GLE 53 4MATIC+ -TH1," 6,220,000.01 ",AMG 1," 103,220.00 "," 142,110.00 "," 205,390.00 "," 250,670.00 "," 282,010.00 "," 321,580.00 "," 115,860.00 "," 310,430.00 "," 391,900.00 "," 475,280.00 "," 570,340.00 "," 158,510.00 "," 373,190.00 "," 661,900.00 "," 846,260.00 "," 992,180.00 "," 1,213,460.00 "
Mercedes-AMG GLE 53 Hybrid 4MATIC+ - THA," 5,850,000.00 ",AMG 2," 117,290.00 "," 157,390.00 "," 225,780.00 "," 277,090.00 "," 314,960.00 "," 355,770.00 "," 129,340.00 "," 346,530.00 "," 437,540.00 "," 530,610.00 "," 636,730.00 "," 191,740.00 "," 465,410.00 "," 792,040.00 "," 1,034,920.00 "," 1,207,330.00 "," 1,491,820.00 "
Mercedes-AMG GLE 53 Hybrid 4MATIC+ - THB," 5,970,000.00 ",AMG 2," 117,290.00 "," 157,390.00 "," 225,780.00 "," 277,090.00 "," 314,960.00 "," 355,770.00 "," 129,340.00 "," 346,530.00 "," 437,540.00 "," 530,610.00 "," 636,730.00 "," 191,740.00 "," 465,410.00 "," 792,040.00 "," 1,034,920.00 "," 1,207,330.00 "," 1,491,820.00 "
Mercedes-AMG SL 43 -TH1," 12,000,000.01 ",MBSP Group,#N/A,#N/A,#N/A,#N/A,#N/A,#N/A,#N/A,#N/A,#N/A,#N/A,#N/A,#N/A,#N/A,#N/A,#N/A,#N/A,#N/A,#N/A
Mercedes-AMG SL 55 4MATIC+-TH1," 17,330,000.00 ",MBSP Group,#N/A,#N/A,#N/A,#N/A,#N/A,#N/A,#N/A,#N/A,#N/A,#N/A,#N/A,#N/A,#N/A,#N/A,#N/A,#N/A,#N/A
Mercedes-Maybach S 580 e Premium -TH1," 10,200,000.01 ",S-Class 223," 130,090.00 "," 181,320.00 "," 250,290.00 "," 310,770.00 "," 346,870.00 "," 399,030.00 "," 110,360.00 "," 295,650.00 "," 373,300.00 "," 452,700.00 "," 543,250.00 "," 204,040.00 "," 433,490.00 "," 736,860.00 "," 942,120.00 "," 1,104,200.00 "," 1,324,840.00 "
Mercedes-Maybach S 580 e Premium -TH2," 10,700,000.00 ",S-Class 223," 130,090.00 "," 181,320.00 "," 250,290.00 "," 310,770.00 "," 346,870.00 "," 399,030.00 "," 110,360.00 "," 295,650.00 "," 373,300.00 "," 452,700.00 "," 543,250.00 "," 204,040.00 "," 433,490.00 "," 736,860.00 "," 942,120.00 "," 1,104,200.00 "," 1,324,840.00 "
Mercedes-Maybach S 580 e Premium -TH3," 11,200,000.00 ",S-Class 223," 130,090.00 "," 181,320.00 "," 250,290.00 "," 310,770.00 "," 346,870.00 "," 399,030.00 "," 110,360.00 "," 295,650.00 "," 373,300.00 "," 452,700.00 "," 543,250.00 "," 204,040.00 "," 433,490.00 "," 736,860.00 "," 942,120.00 "," 1,104,200.00 "," 1,324,840.00 "
Mercedes-Maybach S 580 Premium -TH1," 18,700,000.01 ",MBSP Group,#N/A,#N/A,#N/A,#N/A,#N/A,#N/A,#N/A,#N/A,#N/A,#N/A,#N/A,#N/A,#N/A,#N/A,#N/A,#N/A,#N/A
S 350 d AMG Premium -TH2," 7,190,000.00 ",S-Class 223," 130,090.00 "," 181,320.00 "," 250,290.00 "," 310,770.00 "," 346,870.00 "," 399,030.00 "," 110,360.00 "," 295,650.00 "," 373,300.00 "," 452,700.00 "," 543,250.00 "," 204,040.00 "," 433,490.00 "," 736,860.00 "," 942,120.00 "," 1,104,200.00 "," 1,324,840.00 "
S 350 d Exclusive -TH1," 7,050,000.00 ",S-Class 223," 130,090.00 "," 181,320.00 "," 250,290.00 "," 310,770.00 "," 346,870.00 "," 399,030.00 "," 110,360.00 "," 295,650.00 "," 373,300.00 "," 452,700.00 "," 543,250.00 "," 204,040.00 "," 433,490.00 "," 736,860.00 "," 942,120.00 "," 1,104,200.00 "," 1,324,840.00 "
S 580 e AMG Premium -TH1," 7,580,000.00 ",S-Class 223," 130,090.00 "," 181,320.00 "," 250,290.00 "," 310,770.00 "," 346,870.00 "," 399,030.00 "," 110,360.00 "," 295,650.00 "," 373,300.00 "," 452,700.00 "," 543,250.00 "," 204,040.00 "," 433,490.00 "," 736,860.00 "," 942,120.00 "," 1,104,200.00 "," 1,324,840.00 "
S 580 e AMG Premium -TH2," 7,190,000.00 ",S-Class 223," 130,090.00 "," 181,320.00 "," 250,290.00 "," 310,770.00 "," 346,870.00 "," 399,030.00 "," 110,360.00 "," 295,650.00 "," 373,300.00 "," 452,700.00 "," 543,250.00 "," 204,040.00 "," 433,490.00 "," 736,860.00 "," 942,120.00 "," 1,104,200.00 "," 1,324,840.00 "
Sprinter 319CDI Chassis CAB -TH3," 2,070,000.00 ",Sprinter," 127,700.00 "," 174,640.00 "," 248,350.00 ", -   , -   , -   ," 83,130.00 "," 166,250.00 ", -   , -   , -   ," 170,280.00 "," 365,010.00 "," 526,980.00 ", -   , -   , -   
Sprinter 419CDI Business Long -TH3," 4,240,000.01 ",Sprinter," 127,700.00 "," 174,640.00 "," 248,350.00 ", -   , -   , -   ," 83,130.00 "," 166,250.00 ", -   , -   , -   ," 170,280.00 "," 365,010.00 "," 526,980.00 ", -   , -   , -   
Sprinter 419CDI Business -TH4," 3,980,000.00 ",Sprinter," 127,700.00 "," 174,640.00 "," 248,350.00 ", -   , -   , -   ," 83,130.00 "," 166,250.00 ", -   , -   , -   ," 170,280.00 "," 365,010.00 "," 526,980.00 ", -   , -   , -   
V250d Exclusive -TH1," 5,400,000.01 ",V-Class 1," 90,180.00 "," 131,180.00 "," 157,870.00 "," 227,480.00 "," 255,140.00 "," 299,110.00 "," 52,150.00 "," 139,700.00 "," 176,390.00 "," 213,920.00 "," 290,600.00 "," 127,040.00 "," 274,850.00 "," 410,630.00 "," 573,670.00 "," 661,200.00 "," 840,720.00 "
Vito 119 CDI Tourer Pro - THA," 3,100,000.01 ",V-Class 2," 98,680.00 "," 144,070.00 "," 172,970.00 "," 258,860.00 "," 288,840.00 "," 337,530.00 "," 56,700.00 "," 151,900.00 "," 191,790.00 "," 232,620.00 "," 340,410.00 "," 139,700.00 "," 296,890.00 "," 446,810.00 "," 629,790.00 "," 727,290.00 "," 943,100.00 "
Vito 119CDI Tourer Select -TH6," 3,100,000.01 ",V-Class 2," 98,680.00 "," 144,070.00 "," 172,970.00 "," 258,860.00 "," 288,840.00 "," 337,530.00 "," 56,700.00 "," 151,900.00 "," 191,790.00 "," 232,620.00 "," 340,410.00 "," 139,700.00 "," 296,890.00 "," 446,810.00 "," 629,790.00 "," 727,290.00 "," 943,100.00 "
G 450 d - THA," 12,200,000.00 ",SUV 1," 117,460.00 "," 161,430.00 "," 238,560.00 "," 293,300.00 "," 326,930.00 "," 382,160.00 "," 77,620.00 "," 207,950.00 "," 262,570.00 "," 318,420.00 "," 382,090.00 "," 180,640.00 "," 364,210.00 "," 617,550.00 "," 787,480.00 "," 922,380.00 "," 1,138,520.00 "
G 580 with EQ Technology - THB," 9,500,000.00 ",EQS," 71,810.00 "," 97,110.00 "," 112,470.00 "," 152,850.00 "," 168,550.00 "," 195,720.00 "," 65,920.00 "," 118,520.00 "," 174,590.00 "," 231,090.00 "," 276,290.00 "," 239,810.00 "," 432,470.00 "," 576,510.00 "," 813,170.00 "," 979,410.00 "," 1,182,610.00 "
G 580 with EQ Technology EDITION ONE - THA," 12,200,000.00 ",EQS," 71,810.00 "," 97,110.00 "," 112,470.00 "," 152,850.00 "," 168,550.00 "," 195,720.00 "," 65,920.00 "," 118,520.00 "," 174,590.00 "," 231,090.00 "," 276,290.00 "," 239,810.00 "," 432,470.00 "," 576,510.00 "," 813,170.00 "," 979,410.00 "," 1,182,610.00 "
Mercedes-AMG CLS 53 4MATIC+ Final EDITION - TH2," 5,880,000.00 ",AMG 1," 103,220.00 "," 142,110.00 "," 205,390.00 "," 250,670.00 "," 282,010.00 "," 321,580.00 "," 115,860.00 "," 310,430.00 "," 391,900.00 "," 475,280.00 "," 570,340.00 "," 158,510.00 "," 373,190.00 "," 661,900.00 "," 846,260.00 "," 992,180.00 "," 1,213,460.00 "
Mercedes-Maybach EQS 680 SUV - THA," 12,500,000.00 ",EQS," 71,810.00 "," 97,110.00 "," 112,470.00 "," 152,850.00 "," 168,550.00 "," 195,720.00 "," 65,920.00 "," 118,520.00 "," 174,590.00 "," 231,090.00 "," 276,290.00 "," 239,810.00 "," 432,470.00 "," 576,510.00 "," 813,170.00 "," 979,410.00 "," 1,182,610.00 "
Mercedes-Maybach S 580 e Premium - THA," 11,300,000.00 ",S-Class 223," 130,090.00 "," 181,320.00 "," 250,290.00 "," 310,770.00 "," 346,870.00 "," 399,030.00 "," 110,360.00 "," 295,650.00 "," 373,300.00 "," 452,700.00 "," 543,250.00 "," 204,040.00 "," 433,490.00 "," 736,860.00 "," 942,120.00 "," 1,104,200.00 "," 1,324,840.00 "
V 300 d Exclusive - THA," 5,820,000.00 ",V-Class 1," 90,180.00 "," 131,180.00 "," 157,870.00 "," 227,480.00 "," 255,140.00 "," 299,110.00 "," 52,150.00 "," 139,700.00 "," 176,390.00 "," 213,920.00 "," 290,600.00 "," 127,040.00 "," 274,850.00 "," 410,630.00 "," 573,670.00 "," 661,200.00 "," 840,720.00 "
