,New model added on 08/08/2025,,,,,,RV Change 03/10/2025,,,,,,,,,,,,,,,,,,,,,,,,,,,,,,,,,,,,,,,,,,,,,,,,,,,,,
,,RV update,,,,,"20,000 KM",,,,,,,,,,,,,,,,,,,,,,,,,,,,,,,,,,,,,,,,,,,,,,,,,,,,,
VX-Code,Models name,Road Tax Jur,Raod Tax Ind.,MSRP,CC Engine,Models,12,24,36,48,60,,,,,,,,,,,,,,,,,,,,,,,,,,,,,,,,,,,,,,,,,,,,,,,,,
17718762-TH5,A 200 AMG Dynamic -TH5,3196,1398," 2,320,000.00 ",1332,A 200 AMG Dynamic -TH5,64%,54%,49%,44%,39%,,,,,,,,,,,,,,,,,,,,,,,,,,,,,,,,,,,,,,,,,,,,,,,,,
20538062-TH1,C 200 Coupe AMG Dynamic - TH2,6207,2864," 3,539,000.00 ",1991,C 200 Coupe AMG Dynamic - TH2,N/A,N/A,N/A,N/A,N/A,,,,,,,,,,,,,,,,,,,,,,,,,,,,,,,,,,,,,,,,,,,,,,,,,
20538062-TH1,C 200 Coupe AMG Dynamic -TH1,6207,2864," 3,560,000.01 ",1991,C 200 Coupe AMG Dynamic -TH1,N/A,N/A,N/A,N/A,N/A,,,,,,,,,,,,,,,,,,,,,,,,,,,,,,,,,,,,,,,,,,,,,,,,,
20600462-TH4,C 220 d AMG Line -TH4,6144,2872," 2,880,000.01 ",1993,C 220 d AMG Line -TH4,70%,59%,53%,46%,41%,,,,,,,,,,,,,,,,,,,,,,,,,,,,,,,,,,,,,,,,,,,,,,,,,
20600462-TH3,C 220 d Avantgarde -TH3,6144,2872," 2,730,000.00 ",1993,C 220 d Avantgarde -TH3,N/A,N/A,N/A,N/A,N/A,,,,,,,,,,,,,,,,,,,,,,,,,,,,,,,,,,,,,,,,,,,,,,,,,
20605462-TH2,C 350 e AMG Dynamic (Night Edition)-TH2,6192,2896," 3,290,000.00 ",1999,C 350 e AMG Dynamic (Night Edition)-TH2,60%,50%,45%,39%,35%,,,,,,,,,,,,,,,,,,,,,,,,,,,,,,,,,,,,,,,,,,,,,,,,,
20605462-TH2,C 350 e AMG Dynamic -TH2,6192,2896," 3,350,000.01 ",1999,C 350 e AMG Dynamic -TH2,N/A,N/A,N/A,N/A,N/A,,,,,,,,,,,,,,,,,,,,,,,,,,,,,,,,,,,,,,,,,,,,,,,,,
23634762-THA,CLE 300 4MATIC Coupe AMG Dynamic - THA,6192,2896," 3,950,000.00 ",1999,CLE 300 4MATIC Coupe AMG Dynamic - THA,75%,64%,58%,51%,45%,,,,,,,,,,,,,,,,,,,,,,,,,,,,,,,,,,,,,,,,,,,,,,,,,
23634762-THB,CLE 300 4MATIC Coupe AMG Dynamic - THB,6192,2896," 4,050,000.00 ",1999,CLE 300 4MATIC Coupe AMG Dynamic - THB,75%,64%,58%,51%,45%,,,,,,,,,,,,,,,,,,,,,,,,,,,,,,,,,,,,,,,,,,,,,,,,,
23838022-TH2,E 200 Coupe AMG Dynamic -TH2,6128,2864," 4,850,000.00 ",1991,E 200 Coupe AMG Dynamic -TH2,N/A,N/A,N/A,N/A,N/A,,,,,,,,,,,,,,,,,,,,,,,,,,,,,,,,,,,,,,,,,,,,,,,,,
21400462-THC,E 220 d AMG Line-THC,6144,2872," 3,930,000.00 ",1993,E 220 d AMG Line-THC,73%,62%,57%,50%,44%,,,,,,,,,,,,,,,,,,,,,,,,,,,,,,,,,,,,,,,,,,,,,,,,,
21300462-TH3,E 220 d AMG Sport -TH3,5800,2700," 3,650,000.01 ",1950,E 220 d AMG Sport -TH3,N/A,N/A,N/A,N/A,N/A,,,,,,,,,,,,,,,,,,,,,,,,,,,,,,,,,,,,,,,,,,,,,,,,,
21305362-TH5,E 300 e AMG Dynamic -TH5,6128,2864," 4,020,000.01 ",1950,E 300 e AMG Dynamic -TH5,N/A,N/A,N/A,N/A,N/A,,,,,,,,,,,,,,,,,,,,,,,,,,,,,,,,,,,,,,,,,,,,,,,,,
21305362-TH4,E 300 e Avantgarde -TH4,6128,2864," 3,400,000.01 ",1950,E 300 e Avantgarde -TH4,N/A,N/A,N/A,N/A,N/A,,,,,,,,,,,,,,,,,,,,,,,,,,,,,,,,,,,,,,,,,,,,,,,,,
21405462-THB,E 350 e AMG Dynamic-THB,6192,2896," 4,080,000.00 ",1999,E 350 e AMG Dynamic-THB,69%,58%,52%,46%,40%,,,,,,,,,,,,,,,,,,,,,,,,,,,,,,,,,,,,,,,,,,,,,,,,,
21405462-THC,E 350 e Exclusive - THC,6192,2896," 3,650,000.00 ",1999,E 350 e Exclusive - THC,70%,60%,54%,47%,41%,,,,,,,,,,,,,,,,,,,,,,,,,,,,,,,,,,,,,,,,,,,,,,,,,
24360122-TH1,EQB 250 AMG Line -TH1,3800,1900," 3,020,000.00 ",1950,EQB 250 AMG Line -TH1,N/A,N/A,N/A,N/A,N/A,,,,,,,,,,,,,,,,,,,,,,,,,,,,,,,,,,,,,,,,,,,,,,,,,
24360122-TH2,EQB 250 AMG Line -TH2,3800,1900," 3,020,000.00 ",1950,EQB 250 AMG Line -TH2,N/A,N/A,N/A,N/A,N/A,,,,,,,,,,,,,,,,,,,,,,,,,,,,,,,,,,,,,,,,,,,,,,,,,
29511122-THA,EQE 300 - THA,3800,1900," 3,970,000.00 ",2405,EQE 300 - THA,N/A,N/A,N/A,N/A,N/A,,,,,,,,,,,,,,,,,,,,,,,,,,,,,,,,,,,,,,,,,,,,,,,,,
29511122-THA,EQE 300 - THB,3800,1900," 2,890,000.00 ",2405,EQE 300 - THB,70%,58%,51%,43%,36%,,,,,,,,,,,,,,,,,,,,,,,,,,,,,,,,,,,,,,,,,,,,,,,,,
29461222-TH6,EQE 350 4MATIC SUV AMG Dynamic -TH1,4400,2200," 5,650,000.01 ",2580,EQE 350 4MATIC SUV AMG Dynamic -TH1,N/A,N/A,N/A,N/A,N/A,,,,,,,,,,,,,,,,,,,,,,,,,,,,,,,,,,,,,,,,,,,,,,,,,
29461222-TH6,EQE 350 4MATIC SUV AMG Dynamic -TH2,4400,2200," 3,790,000.00 ",2580,EQE 350 4MATIC SUV AMG Dynamic -TH2,69%,57%,50%,42%,35%,,,,,,,,,,,,,,,,,,,,,,,,,,,,,,,,,,,,,,,,,,,,,,,,,
29461222-TH2,EQE 350 4MATIC SUV AMG Line -TH2,4400,2200," 5,300,000.00 ",2580,EQE 350 4MATIC SUV AMG Line -TH2,N/A,N/A,N/A,N/A,N/A,,,,,,,,,,,,,,,,,,,,,,,,,,,,,,,,,,,,,,,,,,,,,,,,,
29461222-TH2,EQE 350 4MATIC SUV AMG Line -TH3,4400,2200," 3,690,000.00 ",2580,EQE 350 4MATIC SUV AMG Line -TH3,69%,57%,50%,42%,35%,,,,,,,,,,,,,,,,,,,,,,,,,,,,,,,,,,,,,,,,,,,,,,,,,
29461222-TH3,EQE 350 4MATIC SUV Electric Art -TH3,4400,2200," 4,850,000.01 ",2580,EQE 350 4MATIC SUV Electric Art -TH3,N/A,N/A,N/A,N/A,N/A,,,,,,,,,,,,,,,,,,,,,,,,,,,,,,,,,,,,,,,,,,,,,,,,,
29461222-TH3,EQE 350 4MATIC SUV Electric Art -TH4,4400,2200," 3,190,000.00 ",2580,EQE 350 4MATIC SUV Electric Art -TH4,69%,57%,50%,42%,35%,,,,,,,,,,,,,,,,,,,,,,,,,,,,,,,,,,,,,,,,,,,,,,,,,
29662462-THA,EQS 450 4MATIC SUV AMG Dynamic - THA,4400,2200," 5,990,000.00 ",2840,EQS 450 4MATIC SUV AMG Dynamic - THA,68%,56%,49%,42%,35%,,,,,,,,,,,,,,,,,,,,,,,,,,,,,,,,,,,,,,,,,,,,,,,,,
29712322-TH5,EQS 450+ AMG Dynamic-TH5,4400,2200," 5,950,000.00 ",2515,EQS 450+ AMG Dynamic-TH5,52%,43%,38%,32%,26%,,,,,,,,,,,,,,,,,,,,,,,,,,,,,,,,,,,,,,,,,,,,,,,,,
29713462-TH1,EQS 500 4MATIC AMG Premium -TH1,4400,2200," 7,200,000.01 ",2615,EQS 500 4MATIC AMG Premium -TH1,35%,29%,25%,21%,17%,,,,,,,,,,,,,,,,,,,,,,,,,,,,,,,,,,,,,,,,,,,,,,,,,
29663422-THA,EQS 500 4MATIC SUV AMG Dynamic - THA,4400,2200," 6,950,000.00 ",2840,EQS 500 4MATIC SUV AMG Dynamic - THA,68%,56%,49%,42%,35%,,,,,,,,,,,,,,,,,,,,,,,,,,,,,,,,,,,,,,,,,,,,,,,,,
46531022-THA,G 450 d - THA,14112,6856," 12,200,000.00 ",2989,G 450 d - THA,N/A,N/A,N/A,N/A,N/A,,,,,,,,,,,,,,,,,,,,,,,,,,,,,,,,,,,,,,,,,,,,,,,,,
46560022-THB,G 580 with EQ Technology - THB,14880,7240," 9,500,000.00 ",3085,G 580 with EQ Technology - THB,N/A,N/A,N/A,N/A,N/A,,,,,,,,,,,,,,,,,,,,,,,,,,,,,,,,,,,,,,,,,,,,,,,,,
24778762-TH4,GLA 200 AMG Dynamic -TH4,3196,1398," 2,540,000.01 ",2925,GLA 200 AMG Dynamic -TH4,65%,55%,50%,44%,39%,,,,,,,,,,,,,,,,,,,,,,,,,,,,,,,,,,,,,,,,,,,,,,,,,
24778762-TH5,GLA 200 AMG Dynamic -TH5,3196,1398," 2,580,000.01 ",1332,GLA 200 AMG Dynamic -TH5,65%,55%,50%,44%,39%,,,,,,,,,,,,,,,,,,,,,,,,,,,,,,,,,,,,,,,,,,,,,,,,,
25460562-TH1,GLC 220 d 4MATIC Avantgarde -TH1,6144,2872," 3,720,000.01 ",1993,GLC 220 d 4MATIC Avantgarde -TH1,70%,59%,53%,46%,40%,,,,,,,,,,,,,,,,,,,,,,,,,,,,,,,,,,,,,,,,,,,,,,,,,
25331562-TH1,GLC 220 d 4MATIC Coupé AMG Dynamic -TH1,5800,2700," 4,180,000.00 ",1950,GLC 220 d 4MATIC Coupé AMG Dynamic -TH1,N/A,N/A,N/A,N/A,N/A,,,,,,,,,,,,,,,,,,,,,,,,,,,,,,,,,,,,,,,,,,,,,,,,,
25391462-TH2,GLC 220 d AMG Dynamic -TH2,5800,2700," 3,800,000.00 ",1993,GLC 220 d AMG Dynamic -TH2,N/A,N/A,N/A,N/A,N/A,,,,,,,,,,,,,,,,,,,,,,,,,,,,,,,,,,,,,,,,,,,,,,,,,
25391462-TH1,GLC 220 d -TH1,5800,2700," 3,390,000.00 ",1950,GLC 220 d -TH1,N/A,N/A,N/A,N/A,N/A,,,,,,,,,,,,,,,,,,,,,,,,,,,,,,,,,,,,,,,,,,,,,,,,,
25335362-TH1,GLC 300 e 4MATIC Coupe AMG Dynamic -TH1,6128,2864," 4,200,000.01 ",1991,GLC 300 e 4MATIC Coupe AMG Dynamic -TH1,N/A,N/A,N/A,N/A,N/A,,,,,,,,,,,,,,,,,,,,,,,,,,,,,,,,,,,,,,,,,,,,,,,,,
25465662-TH1,GLC 350 e 4MATIC AMG Dynamic -TH1,5800,2700," 4,180,000.00 ",1950,GLC 350 e 4MATIC AMG Dynamic -TH1,65%,55%,50%,44%,38%,,,,,,,,,,,,,,,,,,,,,,,,,,,,,,,,,,,,,,,,,,,,,,,,,
25435662-TH1,GLC 350 e 4MATIC Coupe AMG Dynamic-TH1,6192,2896," 4,340,000.00 ",1999,GLC 350 e 4MATIC Coupe AMG Dynamic-TH1,71%,60%,54%,47%,41%,,,,,,,,,,,,,,,,,,,,,,,,,,,,,,,,,,,,,,,,,,,,,,,,,
16710962-TH1,GLE 300 d 4MATIC AMG Dynamic -TH1,6144,2872," 5,590,000.01 ",1999,GLE 300 d 4MATIC AMG Dynamic -TH1,68%,57%,52%,46%,41%,,,,,,,,,,,,,,,,,,,,,,,,,,,,,,,,,,,,,,,,,,,,,,,,,
16711962-TH2,GLE 300 d 4MATIC AMG Dynamic -TH2,5800,2700," 5,430,000.01 ",1999,GLE 300 d 4MATIC AMG Dynamic -TH2,68%,57%,52%,46%,41%,,,,,,,,,,,,,,,,,,,,,,,,,,,,,,,,,,,,,,,,,,,,,,,,,
16710962-THA,GLE 300 d 4MATIC AMG Line-THA,6144,2872," 4,980,000.00 ",1993,GLE 300 d 4MATIC AMG Line-THA,63%,53%,48%,41%,37%,,,,,,,,,,,,,,,,,,,,,,,,,,,,,,,,,,,,,,,,,,,,,,,,,
16711762-TH1,GLE 350 de 4MATIC Exclusive -TH1,5800,2700," 4,860,000.01 ",1950,GLE 350 de 4MATIC Exclusive -TH1,N/A,N/A,N/A,N/A,N/A,,,,,,,,,,,,,,,,,,,,,,,,,,,,,,,,,,,,,,,,,,,,,,,,,
16792162-TH1,GLS 350 d 4MATIC AMG Premium -TH1,13600,6600," 6,880,000.01 ",1950,GLS 350 d 4MATIC AMG Premium -TH1,N/A,N/A,N/A,N/A,N/A,,,,,,,,,,,,,,,,,,,,,,,,,,,,,,,,,,,,,,,,,,,,,,,,,
16793362-TH1,GLS 450 d 4MATIC AMG Dynamic-TH1,14112,6856," 6,980,000.00 ",2989,GLS 450 d 4MATIC AMG Dynamic-TH1,69%,58%,52%,45%,40%,,,,,,,,,,,,,,,,,,,,,,,,,,,,,,,,,,,,,,,,,,,,,,,,,
23636262-THA,Mercedes-AMG CLE 53 4MATIC+ Coupe - THA,14192,6896," 5,250,000.00 ",2999,Mercedes-AMG CLE 53 4MATIC+ Coupe - THA,75%,64%,58%,51%,45%,,,,,,,,,,,,,,,,,,,,,,,,,,,,,,,,,,,,,,,,,,,,,,,,,
25736162-TH2,Mercedes-AMG CLS 53 4MATIC+ -TH2,14192,6896," 5,880,000.00 ",2999,Mercedes-AMG CLS 53 4MATIC+ -TH2,N/A,N/A,N/A,N/A,N/A,,,,,,,,,,,,,,,,,,,,,,,,,,,,,,,,,,,,,,,,,,,,,,,,,
25736162-TH2,Mercedes-AMG CLS 53 4MATIC+ Final EDITION - TH2,14192,6896," 5,880,000.00 ",2999,Mercedes-AMG CLS 53 4MATIC+ Final EDITION - TH2,N/A,N/A,N/A,N/A,N/A,,,,,,,,,,,,,,,,,,,,,,,,,,,,,,,,,,,,,,,,,,,,,,,,,
29515322-TH1,Mercedes-AMG EQE 53 4MATIC+ -TH1,5800,2700," 5,950,000.01 ",2540,Mercedes-AMG EQE 53 4MATIC+ -TH1,57%,47%,41%,35%,29%,,,,,,,,,,,,,,,,,,,,,,,,,,,,,,,,,,,,,,,,,,,,,,,,,
46327612-TH1,Mercedes-AMG G 63 Grand Edition-TH1,22207,10828," 23,400,000.00 ",3982,Mercedes-AMG G 63 Grand Edition-TH1,N/A,N/A,N/A,N/A,N/A,,,,,,,,,,,,,,,,,,,,,,,,,,,,,,,,,,,,,,,,,,,,,,,,,
46327622-TH1,Mercedes-AMG G 63 -TH1,22056,10828," 17,920,000.01 ",3982,Mercedes-AMG G 63 -TH1,N/A,N/A,N/A,N/A,N/A,,,,,,,,,,,,,,,,,,,,,,,,,,,,,,,,,,,,,,,,,,,,,,,,,
46525022-THA,Mercedes-AMG G 63 -THA,22056,10828," 18,800,000.00 ",3982,Mercedes-AMG G 63 -THA,N/A,N/A,N/A,N/A,N/A,,,,,,,,,,,,,,,,,,,,,,,,,,,,,,,,,,,,,,,,,,,,,,,,,
19237822-THA,Mercedes-AMG GT 63 4MATIC+ -THA,22056,10828," 15,900,000.00 ",3982,Mercedes-AMG GT 63 4MATIC+ -THA,N/A,N/A,N/A,N/A,N/A,,,,,,,,,,,,,,,,,,,,,,,,,,,,,,,,,,,,,,,,,,,,,,,,,
24775162-TH1,Mercedes-AMG GLA 35 4MATIC -TH1,6128,2864," 3,380,000.01 ",3982,Mercedes-AMG GLA 35 4MATIC -TH1,N/A,N/A,N/A,N/A,N/A,,,,,,,,,,,,,,,,,,,,,,,,,,,,,,,,,,,,,,,,,,,,,,,,,
25336462-TH2,Mercedes-AMG GLC 43 4MATIC Coupé -TH2,14168,6884," 5,180,000.01 ",3982,Mercedes-AMG GLC 43 4MATIC Coupé -TH2,N/A,N/A,N/A,N/A,N/A,,,,,,,,,,,,,,,,,,,,,,,,,,,,,,,,,,,,,,,,,,,,,,,,,
16716162-TH1,Mercedes-AMG GLE 53 4MATIC+ -TH1,14192,6896," 6,220,000.01 ",3982,Mercedes-AMG GLE 53 4MATIC+ -TH1,N/A,N/A,N/A,N/A,N/A,,,,,,,,,,,,,,,,,,,,,,,,,,,,,,,,,,,,,,,,,,,,,,,,,
16716462-THA,Mercedes-AMG GLE 53 Hybrid 4MATIC+ - THA,14192,6896," 5,850,000.00 ",2999,Mercedes-AMG GLE 53 Hybrid 4MATIC+ - THA,69%,58%,52%,45%,40%,,,,,,,,,,,,,,,,,,,,,,,,,,,,,,,,,,,,,,,,,,,,,,,,,
16716462-THB,Mercedes-AMG GLE 53 Hybrid 4MATIC+ - THB,14192,6896," 5,970,000.00 ",2999,Mercedes-AMG GLE 53 Hybrid 4MATIC+ - THB,69%,58%,52%,45%,40%,,,,,,,,,,,,,,,,,,,,,,,,,,,,,,,,,,,,,,,,,,,,,,,,,
23245022-TH1,Mercedes-AMG SL 43 -TH1,6207,2864," 12,000,000.01 ",1991,Mercedes-AMG SL 43 -TH1,N/A,N/A,N/A,N/A,N/A,,,,,,,,,,,,,,,,,,,,,,,,,,,,,,,,,,,,,,,,,,,,,,,,,
23248022-TH1,Mercedes-AMG SL 55 4MATIC+-TH1,22207,10828," 17,330,000.00 ",3982,Mercedes-AMG SL 55 4MATIC+-TH1,N/A,N/A,N/A,N/A,N/A,,,,,,,,,,,,,,,,,,,,,,,,,,,,,,,,,,,,,,,,,,,,,,,,,
23248022-TH1,Mercedes-AMG SL 55 4MATIC+ - TH2,22207,10828," 14,900,000.00 ",3982,Mercedes-AMG SL 55 4MATIC+ - TH2,N/A,N/A,N/A,N/A,N/A,,,,,,,,,,,,,,,,,,,,,,,,,,,,,,,,,,,,,,,,,,,,,,,,,
29695522-THA,Mercedes-Maybach EQS 680 SUV - THA,4800,2400," 12,500,000.00 ",3075,Mercedes-Maybach EQS 680 SUV - THA,N/A,N/A,N/A,N/A,N/A,,,,,,,,,,,,,,,,,,,,,,,,,,,,,,,,,,,,,,,,,,,,,,,,,
29695522-THA,Mercedes-Maybach EQS 680 SUV - THB,4800,2400," 12,620,000.00 ",3075,Mercedes-Maybach EQS 680 SUV - THB,N/A,N/A,N/A,N/A,N/A,,,,,,,,,,,,,,,,,,,,,,,,,,,,,,,,,,,,,,,,,,,,,,,,,
16798722-TH1,Mercedes-Maybach GLS 600 - TH2,22056,10828," 21,320,000.00 ",3982,Mercedes-Maybach GLS 600 - TH2,N/A,N/A,N/A,N/A,N/A,,,,,,,,,,,,,,,,,,,,,,,,,,,,,,,,,,,,,,,,,,,,,,,,,
22396862-THA,Mercedes-Maybach S 580 e Premium - THA,14192,6896," 11,300,000.00 ",2999,Mercedes-Maybach S 580 e Premium - THA,N/A,N/A,N/A,N/A,N/A,,,,,,,,,,,,,,,,,,,,,,,,,,,,,,,,,,,,,,,,,,,,,,,,,
22396862-TH1,Mercedes-Maybach S 580 e Premium -TH1,6896,14192," 10,200,000.01 ",2999,Mercedes-Maybach S 580 e Premium -TH1,N/A,N/A,N/A,N/A,N/A,,,,,,,,,,,,,,,,,,,,,,,,,,,,,,,,,,,,,,,,,,,,,,,,,
22396862-TH2,Mercedes-Maybach S 580 e Premium -TH2,6896,14192," 10,700,000.00 ",2999,Mercedes-Maybach S 580 e Premium -TH2,N/A,N/A,N/A,N/A,N/A,,,,,,,,,,,,,,,,,,,,,,,,,,,,,,,,,,,,,,,,,,,,,,,,,
22396862-TH3,Mercedes-Maybach S 580 e Premium -TH3,14192,6896," 11,200,000.00 ",2999,Mercedes-Maybach S 580 e Premium -TH3,N/A,N/A,N/A,N/A,N/A,,,,,,,,,,,,,,,,,,,,,,,,,,,,,,,,,,,,,,,,,,,,,,,,,
22397622-TH1,Mercedes-Maybach S 580 Premium -TH1,22207,10828," 18,700,000.01 ",3982,Mercedes-Maybach S 580 Premium -TH1,N/A,N/A,N/A,N/A,N/A,,,,,,,,,,,,,,,,,,,,,,,,,,,,,,,,,,,,,,,,,,,,,,,,,
22397622-TH1,Mercedes-Maybach S 580 4MATIC Premium - TH2,22056,10828," 18,900,000.00 ",3982,Mercedes-Maybach S 580 4MATIC Premium - TH2,N/A,N/A,N/A,N/A,N/A,,,,,,,,,,,,,,,,,,,,,,,,,,,,,,,,,,,,,,,,,,,,,,,,,
23298122-THA,Mercedes-Maybach SL 680 Monogram Series - THA,22056,10828," 22,000,000.00 ",3982,Mercedes-Maybach SL 680 Monogram Series - THA,N/A,N/A,N/A,N/A,N/A,,,,,,,,,,,,,,,,,,,,,,,,,,,,,,,,,,,,,,,,,,,,,,,,,
22313062-TH2,S 350 d AMG Premium -TH2,13600,6600," 7,190,000.00 ",2925,S 350 d AMG Premium -TH2,N/A,N/A,N/A,N/A,N/A,,,,,,,,,,,,,,,,,,,,,,,,,,,,,,,,,,,,,,,,,,,,,,,,,
22313062-TH1,S 350 d Exclusive -TH1,13600,6600," 7,050,000.00 ",2925,S 350 d Exclusive -TH1,62%,51%,45%,40%,35%,,,,,,,,,,,,,,,,,,,,,,,,,,,,,,,,,,,,,,,,,,,,,,,,,
22312062-TH1,S 350 d Exclusive -TH2,13600,6600," 7,300,000.00 ",2925,S 350 d Exclusive -TH2,62%,51%,45%,40%,35%,,,,,,,,,,,,,,,,,,,,,,,,,,,,,,,,,,,,,,,,,,,,,,,,,
22312062-TH1,S 350 d Exclusive -TH3,14112,6856," 7,300,000.00 ",2989,S 350 d Exclusive -TH3,62%,51%,45%,40%,35%,,,,,,,,,,,,,,,,,,,,,,,,,,,,,,,,,,,,,,,,,,,,,,,,,
22316862-TH1,S 580 e AMG Premium -TH1,14192,6896," 7,580,000.00 ",2999,S 580 e AMG Premium -TH1,59%,48%,42%,37%,32%,,,,,,,,,,,,,,,,,,,,,,,,,,,,,,,,,,,,,,,,,,,,,,,,,
22316862-TH1,S 580 e AMG Premium -TH2,14207,6896," 7,190,000.00 ",2999,S 580 e AMG Premium -TH2,59%,48%,42%,37%,32%,,,,,,,,,,,,,,,,,,,,,,,,,,,,,,,,,,,,,,,,,,,,,,,,,
90713323-TH3,Sprinter 319CDI Chassis CAB -TH3,5800,2700," 2,070,000.00 ",2540,Sprinter 319CDI Chassis CAB -TH3,N/A,N/A,N/A,N/A,N/A,,,,,,,,,,,,,,,,,,,,,,,,,,,,,,,,,,,,,,,,,,,,,,,,,
90764523-TH3,Sprinter 419CDI Business Long -TH3,5800,2700," 4,240,000.01 ",2540,Sprinter 419CDI Business Long -TH3,N/A,N/A,N/A,N/A,N/A,,,,,,,,,,,,,,,,,,,,,,,,,,,,,,,,,,,,,,,,,,,,,,,,,
90764323-TH4,Sprinter 419CDI Business -TH4,5800,2700," 3,980,000.00 ",2540,Sprinter 419CDI Business -TH4,N/A,N/A,N/A,N/A,N/A,,,,,,,,,,,,,,,,,,,,,,,,,,,,,,,,,,,,,,,,,,,,,,,,,
44781523-THA,V 300 d Exclusive - THA,5800,2700," 5,820,000.00 ",1950,V 300 d Exclusive - THA,69%,58%,52%,45%,40%,,,,,,,,,,,,,,,,,,,,,,,,,,,,,,,,,,,,,,,,,,,,,,,,,
44781523-TH1,V250d Exclusive -TH1,5800,2700," 5,400,000.01 ",1999,V250d Exclusive -TH1,N/A,N/A,N/A,N/A,N/A,,,,,,,,,,,,,,,,,,,,,,,,,,,,,,,,,,,,,,,,,,,,,,,,,
44770523-THA,Vito 119 CDI Tourer Pro - THA,5800,2700," 3,100,000.00 ",1950,Vito 119 CDI Tourer Pro - THA,74%,63%,57%,50%,44%,,,,,,,,,,,,,,,,,,,,,,,,,,,,,,,,,,,,,,,,,,,,,,,,,
,,,,,,,,,,,,,,,,,,,,,,,,,,,,,,,,,,,,,,,,,,,,,,,,,,,,,,,,,,,,
,,,,,,,,,,,,,,,,,,,,,,,,,,,,,,,,,,,,,,,,,,,,,,,,,,,,,,,,,,,,
